Date,GOOGL_Close,AMZN_Close,Treasury_10Y,VIX,SP500,NASDAQ,GOOGL_Return_1d,AMZN_Return_1d,GOOGL_Volatility_20,AMZN_Volatility_20,Inflacion_T5YIE
2021-01-04,85.89584350585938,159.3314971923828,0.9169999957084656,26.96999931335449,3700.64990234375,12698.4501953125,0.0080641894952631,0.0100043583817541,3.4106462999902383,3.841591963181732,1.98
2021-01-05,86.5885238647461,160.92550659179688,0.9549999833106996,25.34000015258789,3726.860107421875,12818.9599609375,0.0080641894952631,0.0100043583817541,3.4106462999902383,3.841591963181732,2.01
2021-01-06,85.73410034179688,156.91900634765625,1.0420000553131104,25.06999969482422,3748.139892578125,12740.7900390625,-0.0098676300832181,-0.0248966141477093,3.4106462999902383,3.841591963181732,2.04
2021-01-07,88.29486846923828,158.10800170898438,1.0709999799728394,22.3700008392334,3803.7900390625,13067.48046875,0.029868723381156,0.0075771277744003,3.4106462999902383,3.841591963181732,2.09
2021-01-08,89.46378326416016,159.13499450683594,1.1050000190734863,21.559999465942383,3824.679931640625,13201.98046875,0.0132387625145975,0.0064955143746732,3.4106462999902383,3.841591963181732,2.07
2021-01-11,87.39665985107422,155.7104949951172,1.131999969482422,24.07999992370605,3799.610107421875,13036.4296875,-0.0231057008508385,-0.0215194622800055,3.4106462999902383,3.841591963181732,2.04
2021-01-12,86.45814514160156,156.04150390625,1.1380000114440918,23.32999992370605,3801.18994140625,13072.4296875,-0.0107385649642892,0.002125797051401,3.4106462999902383,3.841591963181732,2.06
2021-01-13,86.94681549072266,158.29449462890625,1.0880000591278076,22.209999084472656,3809.840087890625,13128.9501953125,0.0056521030878091,0.0144384068741727,3.4106462999902383,3.841591963181732,2.04
2021-01-14,86.13420104980469,156.37350463867188,1.128999948501587,23.25,3795.5400390625,13112.6396484375,-0.0093461093006296,-0.0121355451731773,3.4106462999902383,3.841591963181732,2.09
2021-01-15,85.96998596191406,155.21249389648438,1.097000002861023,24.34000015258789,3768.25,12998.5,-0.0019065027119212,-0.0074246001256428,3.4106462999902383,3.841591963181732,2.09
2021-01-19,88.79895782470703,156.03799438476562,1.0920000076293943,23.239999771118164,3798.909912109375,13197.1796875,0.0329065060455662,0.0053185182942283,3.4106462999902383,3.841591963181732,2.12
2021-01-20,93.55621337890624,163.16900634765625,1.090000033378601,21.57999992370605,3851.85009765625,13457.25,0.0535733264301394,0.0457004846223967,3.4106462999902383,3.841591963181732,2.15
2021-01-21,93.75923919677734,165.34950256347656,1.1089999675750732,21.31999969482422,3853.070068359375,13530.91015625,0.0021700944334805,0.0133634215506248,3.4106462999902383,3.841591963181732,2.18
2021-01-22,94.177734375,164.6114959716797,1.090999960899353,21.90999984741211,3841.469970703125,13543.0595703125,0.0044635086825346,-0.0044633130451272,3.4106462999902383,3.841591963181732,2.16
2021-01-25,94.26332092285156,164.6999969482422,1.0399999618530271,23.190000534057617,3855.360107421875,13635.990234375,0.0009087768825566,0.0005376354551673,3.4106462999902383,3.841591963181732,2.15
2021-01-26,94.9435806274414,166.30650329589844,1.0399999618530271,23.020000457763672,3849.6201171875,13626.0595703125,0.0072165896334863,0.0097541370821099,3.4106462999902383,3.841591963181732,2.15
2021-01-27,90.5142593383789,161.62899780273438,1.0140000581741333,37.209999084472656,3750.77001953125,13270.599609375,-0.046652140774458,-0.0281258122831292,3.4106462999902383,3.841591963181732,2.15
2021-01-28,92.21910858154295,161.88099670410156,1.0570000410079956,30.209999084472656,3787.3798828125,13337.16015625,0.0188351454856483,0.0015591193708615,3.4106462999902383,3.841591963181732,2.18
2021-01-29,90.93324279785156,160.30999755859375,1.093000054359436,33.09000015258789,3714.239990234375,13070.6904296875,-0.0139435937244438,-0.0097046545146951,3.4106462999902383,3.841591963181732,2.21
2021-02-01,94.203125,167.1439971923828,1.0770000219345093,30.239999771118164,3773.860107421875,13403.3896484375,0.0359591509280883,0.0426299029247456,3.4106462999902383,3.841591963181732,2.18
2021-02-02,95.49942016601562,169.0,1.1050000190734863,25.559999465942383,3826.31005859375,13612.7802734375,0.0137606386838613,0.011104214562255,3.504924677477508,4.287842132815718,2.23
2021-02-03,102.45417022705078,165.62649536132812,1.13100004196167,22.90999984741211,3830.169921875,13610.5400390625,0.0728250501306191,-0.0199615659093009,4.32251086669146,4.419436607226221,2.27
2021-02-04,102.19292449951172,166.5500030517578,1.1390000581741333,21.770000457763672,3871.739990234375,13777.740234375,-0.0025498789064428,0.0055758451473297,4.791289612909068,4.466867882469547,2.25
2021-02-05,103.94454956054688,167.6074981689453,1.1699999570846558,20.8700008392334,3886.830078125,13856.2998046875,0.0171403751249288,0.0063494151774878,5.408180592618288,4.584058377691742,2.28
2021-02-08,103.73006439208984,166.14700317382812,1.159999966621399,21.239999771118164,3915.590087890625,13987.6396484375,-0.0020634575777549,-0.0087137807739665,5.8802798966775685,4.61864294065069,2.31
2021-02-09,103.27574157714844,165.25,1.156999945640564,21.6299991607666,3911.22998046875,14007.7001953125,-0.0043798566751497,-0.0053988525624483,6.094462829962067,4.379453224815004,2.31
2021-02-10,103.82760620117188,164.32899475097656,1.1330000162124634,21.989999771118164,3909.8798828125,13972.5302734375,0.0053436035955374,-0.0055734054403838,6.170474745116874,4.082118584638003,2.31
2021-02-11,103.94055938720705,163.10650634765625,1.1579999923706057,21.25,3916.3798828125,14025.76953125,0.0010878916520169,-0.0074392739100781,6.16345966095764,3.911261680039201,2.32
2021-02-12,104.25306701660156,163.885498046875,1.2000000476837158,19.96999931335449,3934.830078125,14095.4697265625,0.003006599456814,0.004775969497859,5.978700229526684,3.5314035598327167,2.35
2021-02-16,105.03285217285156,163.44749450683594,1.2990000247955322,21.459999084472656,3932.590087890625,14047.5,0.0074797334847311,-0.0026726192693009,5.66894751461234,2.887429359390339,2.37
2021-02-17,105.4269561767578,165.4320068359375,1.3009999990463257,21.5,3931.330078125,13965.490234375,0.0037521974863414,0.0121415891695946,5.499895296602709,2.1390282647478345,2.35
2021-02-18,104.7895050048828,166.4114990234375,1.2869999408721924,22.489999771118164,3913.969970703125,13865.3603515625,-0.0060463774635232,0.0059208142742981,5.530408798937235,2.133843334696209,2.29
2021-02-19,103.94355010986328,162.4949951171875,1.3450000286102295,22.049999237060547,3906.7099609375,13874.4599609375,-0.008072897137744,-0.0235350557457474,5.474663024449325,2.199208600453354,2.29
2021-02-22,102.22427368164062,159.03700256347656,1.3700000047683716,23.450000762939453,3876.5,13533.0498046875,-0.0165404820828753,-0.0212806096041119,5.343248184286071,2.548934019736173,2.35
2021-02-23,102.51587677001952,159.72500610351562,1.3619999885559082,23.11000061035156,3881.3701171875,13465.2001953125,0.0028525816606637,0.0043260595267096,5.186726106359596,2.763619609533332,2.35
2021-02-24,103.69474029541016,157.97650146484375,1.3890000581741333,21.34000015258789,3925.429931640625,13597.9697265625,0.0114993263729796,-0.0109469686765182,5.061529270018596,3.0525173219481987,2.38
2021-02-25,100.31787872314452,152.85800170898438,1.5180000066757202,28.88999938964844,3829.340087890625,13119.4296875,-0.0325654084541363,-0.0324003868195451,4.4356729567647335,3.900578210537884,2.34
2021-02-26,100.61446380615234,154.64649963378906,1.4600000381469729,27.950000762939453,3811.14990234375,13192.349609375,0.002956452895364,0.0117003879732098,3.8816772945610216,4.3585004238058,2.39
2021-03-01,102.99060821533205,157.3070068359375,1.4459999799728394,23.350000381469727,3901.820068359375,13588.830078125,0.0236163302898244,0.0172037983947173,2.9142204218424546,4.507029293977957,2.4
2021-03-02,102.73284149169922,154.72650146484375,1.4149999618530271,24.100000381469727,3870.2900390625,13358.7900390625,-0.002502817762702,-0.0164042621050254,2.1752364551602743,4.740727597901199,2.43
2021-03-03,100.09195709228516,150.25,1.4700000286102295,26.670000076293945,3819.719970703125,12997.75,-0.0257063307221716,-0.0289317047982299,1.4909934358778687,5.17551575890512,2.45
2021-03-04,101.21260833740234,148.8784942626953,1.5499999523162842,28.56999969482422,3768.469970703125,12723.4697265625,0.0111962167358157,-0.0091281579853889,1.5441830184115364,5.766728152345602,2.43
2021-03-05,104.35458374023438,150.0229949951172,1.5540000200271606,24.65999984741211,3841.93994140625,12920.150390625,0.031043320140095,0.0076874819166454,1.557540548289858,6.032656050500927,2.43
2021-03-08,99.89739990234376,147.59750366210938,1.5959999561309814,25.46999931335449,3821.35009765625,12609.16015625,-0.0427119123869604,-0.0161674637483857,1.7042849304170615,6.301488076242876,2.42
2021-03-09,101.53257751464844,153.1425018310547,1.5460000038146973,24.030000686645508,3875.43994140625,13073.8203125,0.0163685702921516,0.0375683736605689,1.721643903302542,6.159402381544365,2.41
2021-03-10,101.32506561279295,152.8820037841797,1.5199999809265137,22.559999465942383,3898.81005859375,13068.830078125,-0.0020437962566796,-0.0017010173123747,1.7502867118708263,6.015151335225798,2.47
2021-03-11,104.52725982666016,155.67950439453125,1.5269999504089355,21.90999984741211,3939.340087890625,13398.669921875,0.0316031792775162,0.0182984297766055,1.7799936692135028,5.798380568002235,2.51
2021-03-12,102.01229095458984,154.47450256347656,1.6349999904632568,20.690000534057617,3943.340087890625,13319.8603515625,-0.0240604113820733,-0.0077402727850476,1.7654694608082764,5.637007247154791,2.51
2021-03-15,102.23323059082033,154.08399963378906,1.6069999933242798,20.030000686645508,3968.93994140625,13459.7099609375,0.0021658138853957,-0.0025279442445658,1.7277867775710714,5.385591453659235,2.54
2021-03-16,103.69872283935548,154.59300231933594,1.621000051498413,19.790000915527344,3962.7099609375,13471.5703125,0.0143347934919582,0.0033034103914528,1.651928434121816,5.102283636143072,2.59
2021-03-17,103.6156234741211,156.7864990234375,1.6410000324249268,19.229999542236328,3974.1201171875,13525.2001953125,-0.0008013537964504,0.0141888485972383,1.528444089091657,4.564304537377698,2.58
2021-03-18,100.58610534667967,151.39950561523438,1.7300000190734863,21.57999992370605,3915.4599609375,13116.169921875,-0.0292380437029176,-0.0343587837075043,1.4729199679618066,3.7882311653758736,2.5
2021-03-19,100.8657684326172,153.7480010986328,1.7319999933242798,20.950000762939453,3913.10009765625,13215.240234375,0.0027803351663096,0.0155119098563432,1.4423005211332869,3.278522436349692,2.51
2021-03-22,101.05137634277344,155.5435028076172,1.684000015258789,18.8799991607666,3940.590087890625,13377.5400390625,0.0018401476838025,0.011678211724083,1.4586876733018297,3.082733226601781,2.51
2021-03-23,101.58084869384766,156.875,1.6380000114440918,20.299999237060547,3910.52001953125,13227.7001953125,0.0052396352255332,0.0085602880759967,1.456047391872796,2.852488081754108,2.48
2021-03-24,101.14293670654295,154.35350036621094,1.6139999628067017,21.200000762939453,3889.139892578125,12961.8896484375,-0.0043109699607305,-0.0160733044384959,1.4057533948637786,2.674321381568318,2.53
2021-03-25,101.13945770263672,152.31300354003906,1.6139999628067017,19.809999465942383,3909.52001953125,12977.6796875,-3.4396904218247926e-05,-0.0132196342896707,1.3711507234059033,2.683885581932815,2.54
2021-03-26,100.75479888916016,152.60150146484375,1.659999966621399,18.86000061035156,3974.5400390625,13138.73046875,-0.0038032516904283,0.0018941122432061,1.3647840747562303,2.675452774492553,2.57
2021-03-29,101.8027801513672,153.7864990234375,1.7209999561309814,20.739999771118164,3971.090087890625,13059.650390625,0.0104013036973049,0.0077653073345858,1.3389288307388552,2.5131951620348856,2.56
2021-03-30,101.8366241455078,152.76449584960938,1.72599995136261,19.61000061035156,3958.550048828125,13045.3896484375,0.0003324466590235,-0.0066455975024983,1.3212244488040046,2.4881025544541098,2.52
2021-03-31,102.63530731201172,154.70399475097656,1.746000051498413,19.399999618530277,3972.889892578125,13246.8701171875,0.0078427891066255,0.0126960056430687,1.2734461771033054,2.4190101287664576,2.54
2021-04-01,105.9822998046875,158.0500030517578,1.6790000200271606,17.329999923706055,4019.8701171875,13480.1103515625,0.0326105370591516,0.021628454431104,1.5552904430603731,2.4036882035021185,2.55
2021-04-05,110.42008209228516,161.3365020751953,1.7200000286102295,17.90999984741211,4077.909912109375,13705.58984375,0.041872862692883,0.0207940459346984,2.383186083087957,2.777608193347349,2.55
2021-04-06,109.93738555908205,161.1909942626953,1.656000018119812,18.1200008392334,4073.93994140625,13698.3798828125,-0.0043714560255416,-0.0009018902147276,2.835655802751878,2.704170877785606,2.52
2021-04-07,111.41881561279295,163.96949768066406,1.652999997138977,17.15999984741211,4079.949951171875,13688.83984375,0.0134752163349818,0.017237336556412,3.386650439512332,3.322527795668607,2.53
2021-04-08,111.9861068725586,164.96499633789062,1.631999969482422,16.950000762939453,4097.169921875,13829.3095703125,0.0050915211819977,0.006071242952548,3.846032574207037,3.864854489415209,2.55
2021-04-09,112.9932861328125,168.61000061035156,1.6660000085830688,16.690000534057617,4128.7998046875,13900.1904296875,0.0089937876079582,0.0220956224252266,4.345103751548449,4.75833190486218,2.51
2021-04-12,111.6969757080078,168.96949768066406,1.6749999523162842,16.90999984741211,4127.990234375,13850.0,-0.0114724553039461,0.0021321218730274,4.599028207277399,5.439428378852079,2.52
2021-04-13,112.18515014648438,170.0,1.6230000257492063,16.649999618530273,4141.58984375,13996.099609375,0.0043705251228352,0.0060987476052245,4.831357804978674,6.039563607643977,2.54
2021-04-14,111.56212615966795,166.64999389648438,1.6380000114440918,16.989999771118164,4124.66015625,13857.83984375,-0.0055535334757131,-0.0197059182559742,5.005316323250547,6.245364884339856,2.56
2021-04-15,113.71881103515624,168.95449829101562,1.5299999713897705,16.56999969482422,4170.419921875,14038.759765625,0.0193316939155643,0.0138284097145704,5.279839755364617,6.607648499215448,2.55
2021-04-16,113.59441375732422,169.9720001220703,1.5729999542236328,16.25,4185.47021484375,14052.33984375,-0.0010939023781525,0.0060223423545793,5.344308103106705,6.70780902139377,2.57
2021-04-19,113.94324493408205,168.60049438476562,1.60099995136261,17.290000915527344,4163.259765625,13914.76953125,0.0030708479864427,-0.0080690098152619,5.365170127968319,6.746743174659521,2.56
2021-04-20,113.4083023071289,166.7344970703125,1.562000036239624,18.68000030517578,4134.93994140625,13786.26953125,-0.0046948165050293,-0.0110675672764914,5.286008431553316,6.716006493896602,2.52
2021-04-21,113.3754653930664,168.1009979248047,1.5640000104904177,17.5,4173.419921875,13950.2197265625,-0.0002895459450011,0.0081956696334768,5.166793757946325,6.754368528323016,2.53
2021-04-22,112.09010314941406,165.45199584960938,1.5540000200271606,18.709999084472656,4134.97998046875,13818.41015625,-0.0113372169119312,-0.0157583958923329,4.887854266347631,6.516141661251422,2.42
2021-04-23,114.44933319091795,167.04400634765625,1.5670000314712524,17.329999923706055,4180.169921875,14016.8095703125,0.0210476212905175,0.0096221897467707,4.613218365845047,6.075769530966725,2.44
2021-04-26,114.94694519042967,170.4499969482422,1.5700000524520874,17.639999389648438,4187.6201171875,14138.7802734375,0.0043478802858696,0.0203897803642072,4.190073439083799,5.668922002549205,2.47
2021-04-27,114.0039520263672,170.8715057373047,1.621999979019165,17.559999465942383,4186.72021484375,14090.2197265625,-0.0082037253143201,0.0024729175512423,3.684318130463247,5.238008551678907,2.51
2021-04-28,117.3907699584961,172.9250030517578,1.6200000047683716,17.280000686645508,4183.18017578125,14051.0302734375,0.0297078993484856,0.0120177867315698,3.1877057630879078,4.583581655836045,2.54
2021-04-29,119.06873321533205,173.5655059814453,1.6399999856948853,17.610000610351562,4211.47021484375,14082.5498046875,0.0142938261451832,0.0037039347600635,2.704547523574001,3.952235690194913,2.56
2021-04-30,117.11508178710938,173.37100219726562,1.63100004196167,18.61000061035156,4181.169921875,13962.6796875,-0.0164077619326774,-0.0011206361718005,2.3226634580792784,3.522184876253996,2.57
2021-05-03,116.5965576171875,169.32449340820312,1.6069999933242798,18.309999465942383,4192.66015625,13895.1201171875,-0.0044274756249109,-0.0233401707193126,2.307026914937756,3.149664222629932,2.6
2021-05-04,114.79268646240234,165.593505859375,1.5920000076293943,19.479999542236328,4164.66015625,13633.5,-0.0154710498461512,-0.0220345413338018,2.13077386027276,2.740218847859204,2.62
2021-05-05,115.18779754638672,163.52699279785156,1.5839999914169312,19.149999618530277,4167.58984375,13582.419921875,0.0034419534567977,-0.0124794329994942,2.054198196576269,2.781945670948966,2.68
2021-05-06,116.3114242553711,165.31849670410156,1.5609999895095823,18.38999938964844,4201.6201171875,13632.83984375,0.0097547373325883,0.0109554017694475,2.03586869069486,2.7580938676689617,2.66
2021-05-07,117.03694152832033,164.58050537109375,1.5770000219345093,16.690000534057617,4232.60009765625,13752.240234375,0.0062377129125019,-0.0044640578502762,2.086714595089977,2.9082346250017346,2.65
2021-05-10,114.04227447509766,159.52450561523438,1.6019999980926514,19.65999984741211,4188.43017578125,13401.8603515625,-0.0255873659557142,-0.0307205263737596,1.9765774012815929,3.528695407997707,2.71
2021-05-11,112.96292877197266,161.19549560546875,1.6239999532699585,21.84000015258789,4152.10009765625,13389.4296875,-0.0094644350798237,0.0104748169178767,1.930765040672251,3.807890005848253,2.68
2021-05-12,109.4890365600586,157.5970001220703,1.6950000524520874,27.59000015258789,4063.0400390625,13031.6796875,-0.0307524977413296,-0.0223237967654249,2.155207639282185,4.414919728047456,2.72
2021-05-13,110.92169189453124,158.07350158691406,1.6679999828338623,23.1299991607666,4112.5,13124.990234375,0.0130849204585592,0.0030235440044839,2.306081750542786,4.8298518146474745,2.65
2021-05-14,113.376953125,161.14500427246094,1.6349999904632568,18.809999465942383,4173.85009765625,13429.98046875,0.0221350863706921,0.0194308511844918,2.311263671337779,4.90732612234534,2.68
2021-05-17,113.90144348144533,163.51950073242188,1.6399999856948853,19.71999931335449,4163.2900390625,13379.0498046875,0.0046260755999241,0.0147351540352203,2.311836756128617,4.9052932286354265,2.72
2021-05-18,112.58523559570312,161.61399841308594,1.6419999599456787,21.34000015258789,4127.830078125,13303.6396484375,-0.0115556734446179,-0.011653058569779,2.339887488678092,4.992068946017444,2.72
2021-05-19,113.03457641601562,161.58999633789062,1.6829999685287476,22.18000030517578,4115.68017578125,13299.740234375,0.0039911167564288,-0.000148514828115,2.3495955331422214,5.035223866998401,2.66
2021-05-20,114.79866027832033,162.38400268554688,1.633999943733215,20.670000076293945,4159.1201171875,13535.740234375,0.0156065862166998,0.0049137097942373,2.282594951660658,5.077359126548285,2.59
2021-05-21,114.16069793701172,160.1540069580078,1.631999969482422,20.149999618530277,4155.85986328125,13470.990234375,-0.0055572281049439,-0.0137328535487415,2.284513661866533,5.175643767546442,2.62
2021-05-24,117.49028778076172,162.24949645996094,1.6080000400543213,18.399999618530277,4197.0498046875,13661.169921875,0.0291658154156266,0.0130842152610177,2.3746591025188843,5.028573016562675,2.64
2021-05-25,117.58135223388672,162.95249938964844,1.5640000104904177,18.84000015258789,4188.1298828125,13657.169921875,0.0007750806883282,0.0043328512262037,2.451885971434645,4.799240833565221,2.63
2021-05-26,118.44920349121094,163.25799560546875,1.5740000009536743,17.360000610351562,4195.990234375,13738.0,0.0073808579407892,0.0018747562447005,2.519152319237383,4.316684776860497,2.6
2021-05-27,117.57189178466795,161.5054931640625,1.6100000143051147,16.739999771118164,4200.8798828125,13736.2802734375,-0.0074066492697696,-0.0107345581140256,2.4100702259769364,3.627970769923028,2.59
2021-05-28,117.28177642822266,161.15350341796875,1.5809999704360962,16.760000228881836,4204.10986328125,13748.740234375,-0.0024675571009493,-0.002179428942,2.4185152390980416,2.6814140326930778,2.57
2021-06-01,118.49248504638672,160.9324951171875,1.6150000095367432,17.899999618530273,4202.0400390625,13736.48046875,0.0103230753748433,-0.0013714148069622,2.5242392726660148,2.125448690985813,2.6
2021-06-02,117.96551513671876,161.69949340820312,1.590999960899353,17.479999542236328,4208.1201171875,13756.330078125,-0.0044472854920856,0.004765962837133,2.610507320645282,1.93882437107964,2.59
2021-06-03,116.82048034667967,159.35049438476562,1.625,18.040000915527344,4192.85009765625,13614.509765625,-0.0097065213398339,-0.0145269411420329,2.6377266518041207,1.956379715353403,2.56
2021-06-04,119.10903930664062,160.31100463867188,1.559999942779541,16.420000076293945,4229.89013671875,13814.490234375,0.0195903916262742,0.0060276578219269,2.7698711117915744,1.7501675893215125,2.54
2021-06-07,119.54347229003906,159.90049743652344,1.569000005722046,16.420000076293945,4226.52001953125,13881.7197265625,0.0036473552798961,-0.0025606925929613,2.903524823500999,1.585030787404117,2.51
2021-06-08,119.35138702392578,163.20550537109375,1.527999997138977,17.06999969482422,4227.259765625,13924.91015625,-0.0016068235465608,0.0206691535520853,3.006143433273805,1.6173943639214383,2.47
2021-06-09,119.82412719726562,164.0574951171875,1.4889999628067017,17.889999389648438,4219.5498046875,13911.75,0.0039609105945712,0.0052203493022893,3.06297738923118,1.7399160912531164,2.41
2021-06-10,121.17716217041016,167.4824981689453,1.4589999914169312,16.100000381469727,4239.18017578125,14020.330078125,0.0112918408403428,0.0208768459454491,2.845031764120844,2.0065454235817715,2.47
2021-06-11,120.93183135986328,167.3415069580078,1.462000012397766,15.649999618530272,4247.43994140625,14069.419921875,-0.0020245630954938,-0.0008418265339896,2.654315730744419,2.1585315786181365,2.43
2021-06-14,121.86288452148438,169.19349670410156,1.5010000467300415,16.389999389648438,4255.14990234375,14174.1396484375,0.0076989916645726,0.0110671272164322,2.6936326693887995,2.632079736599501,2.44
2021-06-15,120.84175872802734,169.156494140625,1.4989999532699585,17.020000457763672,4246.58984375,14072.8603515625,-0.0083793010272705,-0.0002186996793457,2.6390280209761903,3.0011991364329123,2.46
2021-06-16,120.19783782958984,170.7624969482422,1.569000005722046,18.149999618530277,4223.7001953125,14039.6796875,-0.005328628987325,0.0094941835711142,2.3596995027616465,3.4469826904608176,2.41
2021-06-17,121.16422271728516,174.46200561523438,1.5110000371932983,17.75,4221.85986328125,14161.349609375,0.0080399523414507,0.0216646437778049,2.0847129517635112,4.203601906937517,2.31
2021-06-18,119.53948211669922,174.34500122070312,1.4500000476837158,20.700000762939453,4166.4501953125,14030.3798828125,-0.0134094088514641,-0.0006706583139327,1.8728387294948972,4.7637908409999,2.37
2021-06-21,121.23289489746094,172.697998046875,1.4839999675750732,17.889999389648438,4224.7900390625,14141.48046875,0.0141661378381123,-0.009446804682075,1.5587438618082878,4.959176293521328,2.41
2021-06-22,121.74842071533205,175.27200317382812,1.472000002861023,16.65999984741211,4246.43994140625,14253.26953125,0.004252359215765,0.0149046610618754,1.5860306915302016,5.374934026816483,2.46
2021-06-23,121.54589080810548,175.1909942626953,1.4869999885559082,16.31999969482422,4241.83984375,14271.73046875,-0.0016635115760565,-0.0004621896804161,1.576813946911562,5.70217594749642,2.49
2021-06-24,121.91712188720705,172.45399475097656,1.4869999885559082,15.970000267028809,4266.490234375,14369.7099609375,0.0030542462327061,-0.0156229463919513,1.6183859810442542,5.79163124736783,2.45
2021-06-25,121.92557525634766,170.072998046875,1.5360000133514404,15.619999885559082,4280.7001953125,14360.3896484375,6.933701361844236e-05,-0.0138065616139523,1.5802618681567926,5.677721735813937,2.46
2021-06-28,121.95294952392578,172.1945037841797,1.4780000448226929,15.760000228881836,4290.60986328125,14500.509765625,0.000224516206059,0.0124740891362422,1.4801538228905236,5.568789313028233,2.45
2021-06-29,121.69070434570312,172.40699768066406,1.4800000190734863,16.020000457763672,4291.7998046875,14528.330078125,-0.0021503799559289,0.0012340341405479,1.4403164994092046,5.3901003523592514,2.46
2021-06-30,121.50857543945312,172.00799560546875,1.4429999589920044,15.829999923706056,4297.5,14503.9501953125,-0.001496654220462,-0.0023143032508132,1.323079075106727,5.186778780772063,2.47
2021-07-01,121.86188507080078,171.64849853515625,1.4800000190734863,15.479999542236328,4319.93994140625,14522.3798828125,0.0029076929761531,-0.002090002090002,0.982646966724832,4.6746548611934085,2.49
2021-07-02,124.66149139404295,175.5489959716797,1.430999994277954,15.06999969482422,4352.33984375,14639.330078125,0.0229736009878367,0.0227237492306089,1.1971734477045977,4.288254351647744,2.49
2021-07-06,125.58956909179688,183.78700256347656,1.3700000047683716,16.440000534057617,4343.5400390625,14663.6396484375,0.0074447825657752,0.0469271074220547,1.480357586946975,4.510155646349717,2.48
2021-07-07,125.87220764160156,184.82899475097656,1.3209999799728394,16.200000762939453,4358.1298828125,14665.0595703125,0.0022504938256304,0.0056695640767094,1.6806714421353657,4.9463565719775575,2.43
2021-07-08,124.44900512695312,186.57049560546875,1.287999987602234,19.0,4320.81982421875,14559.7802734375,-0.0113067256173082,0.0094222275938824,1.7049173018205597,5.405481130720487,2.38
2021-07-09,124.92125701904295,185.9669952392578,1.3559999465942385,16.18000030517578,4369.5498046875,14701.919921875,0.0037947422047133,-0.0032347042025718,1.8028934466362032,5.8199856255168045,2.44
2021-07-12,126.37133026123048,185.9275054931641,1.3630000352859497,16.170000076293945,4384.6298828125,14733.240234375,0.0116078982615941,-0.0002123481429753,1.990773602065336,6.04657786506925,2.48
2021-07-13,126.73558807373048,183.8679962158203,1.4149999618530271,17.1200008392334,4369.2099609375,14677.650390625,0.0028824402793499,-0.0110769478237283,2.1912612545819594,6.102408623854475,2.56
2021-07-14,127.62682342529295,184.08399963378903,1.3559999465942385,16.329999923706055,4374.2998046875,14644.9501953125,0.0070322422068536,0.0011747744165069,2.3905214515296014,6.075125779975628,2.53
2021-07-15,126.4006805419922,181.55999755859372,1.2970000505447388,17.010000228881836,4360.02978515625,14543.1298828125,-0.0096072506577624,-0.0137111431749444,2.393052941812837,5.950981772925925,2.53
2021-07-16,126.36585235595705,178.68150329589844,1.2999999523162842,18.450000762939453,4327.16015625,14427.240234375,-0.0002755379629747,-0.0158542316666773,2.4157358042774635,5.903078573503501,2.52
2021-07-19,123.9852294921875,177.47950744628906,1.180999994277954,22.5,4258.490234375,14274.98046875,-0.0188391311369753,-0.0067270300923025,2.2088314066383385,5.843478621919991,2.41
2021-07-20,125.60897064208984,178.6595001220703,1.2089999914169312,19.729999542236328,4323.06005859375,14498.8798828125,0.0130962466783566,0.0066486136498793,2.144645009163268,5.703113727295839,2.4
2021-07-21,126.94210815429688,179.25999450683594,1.2799999713897705,17.90999984741211,4358.68994140625,14631.9501953125,0.0106133941341313,0.0033611108525173,2.154622890678598,5.657136624933655,2.45
2021-07-22,127.81044006347656,181.9015045166016,1.2649999856948853,17.690000534057617,4367.47998046875,14684.599609375,0.0068403772538914,0.014735635895966,2.173653455249809,5.642669121213066,2.46
2021-07-23,132.38209533691406,182.83200073242188,1.2860000133514404,17.200000762939453,4411.7900390625,14836.990234375,0.0357690285016387,0.0051153849347924,2.66910659693108,5.489395210380208,2.53
2021-07-26,133.39724731445312,184.99099731445312,1.2760000228881836,17.579999923706055,4422.2998046875,14840.7099609375,0.0076683480115304,0.0118086361981619,3.1161016545177227,5.149117239629479,2.59
2021-07-27,131.2723846435547,181.3195037841797,1.2339999675750732,19.36000061035156,4401.4599609375,14660.580078125,-0.0159288344675476,-0.0198468767862931,3.205024128614565,4.793470043856424,2.55
2021-07-28,135.44642639160156,181.51600646972656,1.2610000371932983,18.309999465942383,4400.64013671875,14762.580078125,0.0317967999086836,0.0010837371680696,3.619201378623617,4.382521138268269,2.57
2021-07-29,135.13143920898438,179.99600219726562,1.2690000534057615,17.700000762939453,4419.14990234375,14778.259765625,-0.0023255481226688,-0.0083739406899878,3.815732896219008,3.838424320423328,2.58
2021-07-30,134.08544921875,166.37950134277344,1.2389999628067017,18.239999771118164,4395.259765625,14672.6796875,-0.0077405376303046,-0.0756489071327776,3.820194311943176,4.647301385459875,2.56
2021-08-02,134.2128448486328,166.57400512695312,1.1740000247955322,19.459999084472656,4387.16015625,14681.0703125,0.0009501077904059,0.0011690369463182,3.9426641603345502,5.5694110897991775,2.51
2021-08-03,134.98463439941406,168.31199645996094,1.1759999990463257,18.040000915527344,4423.14990234375,14761.2900390625,0.005750489468066,0.0104337488414427,4.1051038003711975,6.175869550579554,2.51
2021-08-04,134.4825439453125,167.73599243164062,1.184000015258789,17.969999313354492,4402.66015625,14780.5302734375,-0.0037196119123892,-0.0034222398904129,4.1883805861566215,6.642662284312902,2.5
2021-08-05,135.60317993164062,168.79949951171875,1.2170000076293943,17.280000686645508,4429.10009765625,14895.1201171875,0.0083329475592299,0.0063403629993816,4.204694873932624,6.789100779484008,2.46
2021-08-06,135.09262084960938,167.2469940185547,1.2899999618530271,16.149999618530273,4436.52001953125,14835.759765625,-0.003765096676115,-0.0091973346938524,4.148855108586547,6.963506705088294,2.5
2021-08-09,136.26153564453125,167.093505859375,1.3170000314712524,16.719999313354492,4432.35009765625,14860.1796875,0.0086526916686526,-0.0009177334401756,4.195303723885673,7.016663393832983,2.5
2021-08-10,136.1560516357422,166.03399658203125,1.3420000076293943,16.790000915527344,4436.75,14788.08984375,-0.0007741290180689,-0.0063408166098054,4.197537207924748,7.151501211295595,2.53
2021-08-11,135.6305694580078,164.60549926757812,1.3289999961853027,16.170000076293945,4442.41015625,14765.1396484375,-0.0038594111052823,-0.0086036434938633,4.174005396883759,7.249893489498413,2.55
2021-08-12,136.54119873046875,165.1750030517578,1.3669999837875366,15.59000015258789,4460.830078125,14816.259765625,0.0067140415033268,0.0034598101929383,4.064498420820159,7.341118529768769,2.55
2021-08-13,137.07215881347656,164.69850158691406,1.2970000505447388,15.449999809265137,4468.0,14822.900390625,0.0038886437789074,-0.0028848279463596,3.9063862802574874,7.508634672754588,2.52
2021-08-16,137.65139770507812,164.94949340820312,1.256999969482422,16.1200008392334,4479.7099609375,14793.759765625,0.0042257953519924,0.001523947205777,3.3880573741423143,7.639477196794194,2.5
2021-08-17,136.01123046875,162.09800720214844,1.2580000162124634,17.90999984741211,4448.080078125,14656.1796875,-0.01191536928555,-0.0172870261504718,2.8165870970787927,7.821151643045538,2.49
2021-08-18,134.8045196533203,160.06100463867188,1.2730000019073486,21.56999969482422,4400.27001953125,14525.91015625,-0.0088721410082893,-0.0125664873901643,2.21980850940288,8.00445699513772,2.48
2021-08-19,135.03440856933594,159.3874969482422,1.2419999837875366,21.670000076293945,4405.7998046875,14541.7900390625,0.0017053502108597,-0.0042078187123096,1.5155041630403805,7.916424396237077,2.45
2021-08-20,136.7755889892578,159.99749755859375,1.2599999904632568,18.559999465942383,4441.669921875,14714.66015625,0.0128943462512209,0.0038271547143353,1.4220359807959788,7.52807047645702,2.4
2021-08-23,139.3751678466797,163.2935028076172,1.2549999952316284,17.149999618530273,4479.52978515625,14942.650390625,0.0190061609431346,0.0206003550012798,1.6194874445466885,6.496182556886864,2.43
2021-08-24,140.58935546875,165.28900146484375,1.2899999618530271,17.219999313354492,4486.22998046875,15019.7998046875,0.0087116495773909,0.0122203187690665,1.6544394432305194,5.597418323504575,2.45
2021-08-25,141.4029541015625,164.95899963378906,1.3420000076293943,16.790000915527344,4496.18994140625,15041.8603515625,0.0057870571360101,-0.001996514154784,2.0333585018371507,4.336042786062733,2.51
2021-08-26,140.7675018310547,165.8000030517578,1.3420000076293943,18.84000015258789,4470.0,14945.8095703125,-0.0044939108560023,0.0050982572629307,2.236710109175043,2.7233494613095046,2.5
2021-08-27,143.31878662109375,167.48150634765625,1.312000036239624,16.389999389648438,4509.3701171875,15129.5,0.0181241036237258,0.0101417567246577,2.6068439255121403,2.7651648867542877,2.53
2021-08-30,143.9025115966797,171.07850646972656,1.284999966621399,16.190000534057617,4528.7900390625,15265.8896484375,0.0040729131842931,0.0214769988669896,2.925258831176174,3.068660157299377,2.51
2021-08-31,144.00900268554688,173.5395050048828,1.3040000200271606,16.479999542236328,4522.68017578125,15259.240234375,0.0007400224477362,0.014385200022726,3.1891102433447283,3.534514923302844,2.48
2021-09-01,144.5245361328125,173.9499969482422,1.3020000457763672,16.110000610351562,4524.08984375,15309.3798828125,0.0035798695751774,0.0023654092095504,3.38657367037556,3.988507039772044,2.48
2021-09-02,142.60520935058594,173.156005859375,1.2940000295639038,16.40999984741211,4536.9501953125,15331.1796875,-0.0132802832901866,-0.0045644788893179,3.430140396590704,4.271212858295391,2.47
2021-09-03,143.05555725097656,173.90249633789062,1.3220000267028809,16.40999984741211,4535.43017578125,15363.51953125,0.0031580045528594,0.0043110862647286,3.429981596767481,4.6190231648479285,2.48
2021-09-07,143.59397888183594,175.46449279785156,1.3700000047683716,18.13999938964844,4520.02978515625,15374.330078125,0.0037637239769354,0.0089820243691383,3.4824595371827454,5.051142234853439,2.51
2021-09-08,143.00729370117188,176.27499389648438,1.3339999914169312,17.959999084472656,4514.06982421875,15286.6396484375,-0.0040857227108864,0.0046191744307297,3.458489946166832,5.476346576742719,2.53
2021-09-09,142.85800170898438,174.20799255371094,1.2990000247955322,18.799999237060547,4493.27978515625,15248.25,-0.0010439466989666,-0.0117260043360845,3.3557707741411376,5.649740809847035,2.55
2021-09-10,140.2056884765625,173.45750427246094,1.340999960899353,20.950000762939453,4458.580078125,15115.490234375,-0.0185660810083631,-0.0043080014312122,3.2350197239253435,5.754551143152699,2.55
2021-09-13,141.65525817871094,172.85850524902344,1.3240000009536743,19.3700008392334,4468.72998046875,15105.580078125,0.0103388793842751,-0.003453289760797,3.138195170533996,5.78597335000048,2.53
2021-09-14,141.8662567138672,172.5,1.2769999504089355,19.459999084472656,4443.0498046875,15037.759765625,0.0014895213765384,-0.0020739809620994,3.059163905169147,5.78430126773186,2.49
2021-09-15,143.74227905273438,173.7895050048828,1.3040000200271606,18.18000030517578,4480.7001953125,15161.5302734375,0.0132238798874559,0.0074753913326539,2.883233068210846,5.645795876212198,2.51
2021-09-16,142.9266815185547,174.41200256347656,1.3309999704360962,18.690000534057617,4473.75,15181.919921875,-0.0056740267341974,0.0035819053548502,2.451804164275964,5.28013717270772,2.53
2021-09-17,140.1300506591797,173.12600708007812,1.3700000047683716,20.809999465942383,4432.990234375,15043.9697265625,-0.0195668914275599,-0.0073733198661622,1.9239794744081775,4.650029262320718,2.51
2021-09-20,138.05943298339844,167.7864990234375,1.309000015258789,25.709999084472656,4357.72998046875,14713.900390625,-0.0147763999658956,-0.0308417443843135,1.7538441416934076,3.9617214802095,2.43
2021-09-21,138.3714599609375,167.18150329589844,1.3240000009536743,24.36000061035156,4354.18994140625,14746.400390625,0.0022600916923698,-0.0036057473697842,1.847184853410065,3.628719849674421,2.44
2021-09-22,139.6160125732422,169.00250244140625,1.3359999656677246,20.8700008392334,4395.64013671875,14896.849609375,0.008994286919109,0.010892348194075,1.899216682530659,3.380097972214069,2.41
2021-09-23,140.54408264160156,170.8000030517578,1.409999966621399,18.6299991607666,4448.97998046875,15052.240234375,0.006647303924917,0.0106359407960527,1.9225399151080973,2.998078096437621,2.48
2021-09-24,141.53831481933594,171.2760009765625,1.4600000381469729,17.75,4455.47998046875,15047.7001953125,0.0070741660484543,0.0027868730462519,1.9054912559760528,2.630709955988657,2.47
2021-09-27,140.4007568359375,170.2899932861328,1.4839999675750732,18.76000022888184,4443.10986328125,14969.9697265625,-0.0080371027792047,-0.0057568350779313,1.9090180070054563,2.4293362824567675,2.5
2021-09-28,135.18368530273438,165.79800415039062,1.534000039100647,23.25,4352.6298828125,14546.6796875,-0.0371584288487805,-0.0263784679831095,2.354511066338004,2.834061273374498,2.53
2021-09-29,133.71421813964844,165.05599975585938,1.5410000085830688,22.559999465942383,4359.4599609375,14512.4404296875,-0.0108701516739625,-0.0044753517892663,2.830160348383165,3.221716159796228,2.52
2021-09-30,133.03993225097656,164.2519989013672,1.5290000438690186,23.13999938964844,4307.5400390625,14448.580078125,-0.0050427388953332,-0.0048710792439015,3.1935306872327427,3.577698255156504,2.51
2021-10-01,135.89329528808594,164.16299438476562,1.4789999723434448,21.100000381469727,4357.0400390625,14566.7001953125,0.0214474179957231,-0.0005418778291703,3.290363207238092,3.875569522507939,2.51
2021-10-04,133.0235137939453,159.48899841308594,1.4809999465942385,22.959999084472656,4300.4599609375,14255.48046875,-0.0211179034849132,-0.028471678341373,3.549695813857602,4.546418995260414,2.53
2021-10-05,135.37576293945312,161.0500030517578,1.5290000438690186,21.299999237060547,4345.72021484375,14433.830078125,0.0176829575344963,0.0097875380383842,3.52256330885692,4.780939763244135,2.59
2021-10-06,136.9104461669922,163.10049438476562,1.52400004863739,21.0,4363.5498046875,14501.91015625,0.0113364696472695,0.0127320167286728,3.425232924049625,4.681492353110865,2.57
2021-10-07,138.5625457763672,165.1215057373047,1.5709999799728394,19.540000915527344,4399.759765625,14654.01953125,0.0120670091700665,0.012391203105561,3.286117417161082,4.555989929357588,2.61
2021-10-08,139.12039184570312,164.43099975585938,1.6050000190734863,18.770000457763672,4391.33984375,14579.5400390625,0.0040259513579974,-0.0041818052612956,3.2660281084895004,4.456422552052293,2.64
2021-10-12,135.79974365234375,162.3665008544922,1.5800000429153442,19.850000381469727,4350.64990234375,14465.919921875,-0.0177448388894714,0.0003172745113595,3.1114873049462446,4.3938900632979845,2.64
2021-10-13,136.92735290527344,164.21400451660156,1.5490000247955322,18.63999938964844,4363.7998046875,14571.6396484375,0.0083034711451035,0.0113786012039827,2.8091999934546528,4.097020686516962,2.68
2021-10-14,140.4793701171875,164.9929962158203,1.5190000534057615,16.860000610351562,4438.259765625,14823.4296875,0.0259408886285221,0.0047437592275512,2.6147215308248466,3.624982586607775,2.69
2021-10-15,140.69534301757812,170.4510040283203,1.5759999752044678,16.299999237060547,4471.3701171875,14897.33984375,0.0015373994075462,0.0330802393900442,2.646967963929429,3.3812397761777824,2.71
2021-10-18,142.09861755371094,172.33700561523438,1.5839999914169312,16.309999465942383,4486.4599609375,15021.8095703125,0.0099738520553411,0.011064772529006,2.833368198109162,3.672634080393078,2.71
2021-10-19,142.55545043945312,172.20750427246094,1.6349999904632568,15.699999809265137,4519.6298828125,15129.08984375,0.0032149002826822,-0.0007514424560826,3.027359082256251,3.929061497028292,2.71
2021-10-20,141.09442138671875,170.7530059814453,1.6360000371932983,15.489999771118164,4536.18994140625,15121.6796875,-0.0102488473659231,-0.0084461957518086,3.086707172012454,4.014846071247384,2.77
2021-10-21,141.2108917236328,171.75050354003906,1.6759999990463257,15.010000228881836,4549.77978515625,15215.7001953125,0.0008254779726182,0.005841756945129,3.118383504669564,4.077018869293868,2.94
2021-10-22,136.91192626953125,166.77749633789062,1.6549999713897705,15.43000030517578,4544.89990234375,15090.2001953125,-0.0304435826558986,-0.0289548333172083,3.0194498018530527,3.906888557776094,2.91
2021-10-25,136.7930145263672,166.01849365234375,1.6349999904632568,15.239999771118164,4566.47998046875,15226.7099609375,-0.0008685272817647,-0.0045509898050581,2.967144417758026,3.7772663190771976,2.95
2021-10-26,138.6456298828125,168.80349731445312,1.61899995803833,15.979999542236328,4574.7900390625,15235.7099609375,0.0135432014775009,0.0167752616039356,2.9142274214865025,3.835174530410268,2.99
2021-10-27,145.5217742919922,169.62449645996094,1.5290000438690186,16.979999542236328,4551.68017578125,15235.83984375,0.0495951038268687,0.0048636382454707,3.21197078146317,3.912361536934928,2.96
2021-10-28,145.155029296875,172.32850646972656,1.5679999589920044,16.530000686645508,4596.419921875,15448.1201171875,-0.0025202070061439,0.0159411527591706,3.2805186477718977,4.111286078969834,2.9
2021-10-29,147.341552734375,168.6215057373047,1.5570000410079956,16.260000228881836,4605.3798828125,15498.3896484375,0.0150633667196473,-0.0215112450537781,3.675485292903236,4.092180168327848,2.89
2021-11-01,142.81419372558594,165.90550231933594,1.5750000476837158,16.40999984741211,4613.669921875,15595.919921875,-0.0307269668655584,-0.0161070997800245,3.3911402392169583,3.7203574982390046,2.86
2021-11-02,144.74050903320312,165.6374969482422,1.5490000247955322,16.030000686645508,4630.64990234375,15649.599609375,0.0134882623173895,-0.0016154097805501,3.34882731912713,3.45594518660613,2.84
2021-11-03,145.9004669189453,169.1999969482422,1.5789999961853027,15.100000381469728,4660.56982421875,15811.580078125,0.0080140514462063,0.0215078111275321,3.4324373052347266,3.324308622924131,2.86
2021-11-04,147.56202697753906,173.85000610351562,1.52400004863739,15.4399995803833,4680.06005859375,15940.3095703125,0.0113883121396507,0.0274823241084092,3.673240958366395,3.5352282042994867,2.88
2021-11-05,148.14373779296875,175.94949340820312,1.4529999494552612,16.479999542236328,4697.52978515625,15971.58984375,0.0039421443805338,0.0120764292837436,3.9142734257427416,3.82721344732184,2.87
2021-11-08,148.32188415527344,174.44900512695312,1.496999979019165,17.219999313354492,4701.7001953125,15982.3603515625,0.0012025237445651,-0.0085279488572829,4.060928891816506,3.721195625919709,2.94
2021-11-09,148.20993041992188,178.81149291992188,1.4320000410079956,17.780000686645508,4685.25,15886.5400390625,-0.000754802543058,0.0250072380165997,3.939932067830196,3.91744017560782,2.96
2021-11-10,145.1992950439453,174.1024932861328,1.559999942779541,18.729999542236328,4646.7099609375,15622.7099609375,-0.0203133175182429,-0.0263349942271211,3.6888722632173954,3.751427199878392,3.08
2021-11-12,147.97055053710938,176.25750732421875,1.5820000171661377,16.290000915527344,4682.85009765625,15860.9599609375,0.0199736018904657,0.0151620292251619,3.682762138471443,3.740528731833353,3.11
2021-11-15,147.74563598632812,177.28399658203125,1.6230000257492063,16.489999771118164,4682.7998046875,15853.849609375,-0.0015199953637047,0.005823804463116,3.740239306127809,3.965967700504879,3.17
2021-11-16,147.17237854003906,177.03500366210938,1.633999943733215,16.3700008392334,4700.89990234375,15973.8603515625,-0.0038800296364902,-0.0014044861618779,3.766327163255083,4.147762998669748,3.17
2021-11-17,147.34254455566406,177.4499969482422,1.6039999723434448,17.110000610351562,4688.669921875,15921.5703125,0.0011562360907193,0.0023441312596286,3.7211681618037367,4.322117083500431,3.14
2021-11-18,149.1255340576172,184.8029937744141,1.5889999866485596,17.59000015258789,4704.5400390625,15993.7099609375,0.0121009821523716,0.0414370073408147,3.730286210738262,5.159176998731807,3.11
2021-11-19,148.21786499023438,183.82850646972656,1.5360000133514404,17.90999984741211,4697.9599609375,16057.4404296875,-0.0060866106741459,-0.0052731142758273,3.215902012122746,5.504233317959768,3.02
2021-11-22,145.60586547851562,178.6284942626953,1.625,19.170000076293945,4682.93994140625,15854.759765625,-0.0176227036591766,-0.0282873005220635,2.4132190154710385,5.298919154493951,2.98
2021-11-23,145.08834838867188,179.0019989013672,1.6670000553131104,19.3799991607666,4690.7001953125,15775.1396484375,-0.0035542324352318,0.0020909577736383,1.647566415004194,5.231434629580194,3.0
2021-11-24,145.42471313476562,179.02049255371094,1.6449999809265137,18.57999992370605,4701.4599609375,15845.23046875,0.0023183443042074,0.0001033153398133,1.651087848960679,5.161767415991811,3.03
2021-11-26,141.5064697265625,175.22799682617188,1.4819999933242798,28.6200008392334,4594.6201171875,15491.66015625,-0.0269434494573977,-0.0211847016698449,1.9873651988983752,5.114731612881836,2.92
2021-11-29,144.83802795410156,178.07850646972656,1.5299999713897705,22.959999084472656,4655.27001953125,15782.830078125,0.023543504646655,0.0162674326887524,2.005379948737981,4.883658091438254,2.91
2021-11-30,141.2223358154297,175.35350036621094,1.4429999589920044,27.190000534057617,4567.0,15537.6904296875,-0.0249636935116077,-0.0153022740224906,2.175400932823789,4.285592341722777,2.8
2021-12-01,140.38034057617188,172.18600463867188,1.434000015258789,31.1200008392334,4513.0400390625,15254.0498046875,-0.005962195954316,-0.0180634873037836,2.5223423172678725,3.62017557896621,2.7
2021-12-02,142.28573608398438,171.8679962158203,1.4479999542236328,27.950000762939453,4577.10009765625,15381.3203125,0.0135730936396938,-0.0018468889124809,2.6560054033129785,3.3694606909605644,2.73
2021-12-03,141.32583618164062,169.489501953125,1.343000054359436,30.670000076293945,4538.43017578125,15085.4697265625,-0.0067462834206878,-0.013839076006382,2.802947835671734,3.6981906826480726,2.72
2021-12-06,142.47384643554688,171.36849975585938,1.434000015258789,27.18000030517578,4591.669921875,15225.150390625,0.0081231449600676,0.0110862193887031,2.809270905975114,3.879487007201845,2.79
2021-12-07,146.5687713623047,176.1645050048828,1.4800000190734863,21.88999938964844,4686.75,15686.919921875,0.0287415903283716,0.0279865042633626,2.7339453565965157,3.853107934539796,2.84
2021-12-08,147.4813995361328,176.1580047607422,1.508999943733215,19.899999618530277,4701.2099609375,15786.990234375,0.0062266208916508,-3.689871657430732e-05,2.6954557148710183,3.814060068825627,2.88
2021-12-09,146.93601989746094,174.17100524902344,1.4869999885559082,21.57999992370605,4667.4501953125,15517.3701171875,-0.0036979554058155,-0.0112796436041466,2.7265366411206884,3.8119686839387295,2.8
2021-12-10,147.2972869873047,172.21200561523438,1.4889999628067017,18.690000534057617,4712.02001953125,15630.599609375,0.0024586693589214,-0.0112475646046146,2.7666139796403595,3.877658514708788,2.76
2021-12-13,145.13262939453125,169.5675048828125,1.4240000247955322,20.309999465942383,4668.97021484375,15413.2802734375,-0.0146958415667222,-0.01535607649986,2.694293053006392,4.158053275618924,2.73
2021-12-14,143.22225952148438,169.0915069580078,1.437999963760376,21.88999938964844,4634.08984375,15237.6396484375,-0.0131629247056063,-0.0028071293797337,2.655267960445142,4.41479265390284,2.66
2021-12-15,145.74420166015625,173.31500244140625,1.4630000591278076,19.290000915527344,4709.85009765625,15565.580078125,0.0176085906415515,0.0249775731459256,2.610687289055803,4.42662663817522,2.67
2021-12-16,143.75770568847656,168.87100219726562,1.4220000505447388,20.56999969482422,4668.669921875,15180.4296875,-0.0136300171742802,-0.0256411746331252,2.553786941944576,4.623619034340654,2.7
2021-12-17,141.0506591796875,170.0175018310547,1.4019999504089355,21.56999969482422,4620.64013671875,15169.6796875,-0.0188306184758905,0.0067892037050256,2.450481225274119,4.114269304784273,2.65
2021-12-20,140.93321228027344,167.07899475097656,1.4190000295639038,22.8700008392334,4568.02001953125,14980.9404296875,-0.0008326575720886,-0.0172835563893775,2.3742511131046995,3.734286670106358,2.65
2021-12-21,142.78982543945312,170.41700744628906,1.4869999885559082,21.01000022888184,4649.22998046875,15341.08984375,0.0131737092282224,0.0199786496219207,2.352019664145355,3.570455015448604,2.69
2021-12-22,145.71832275390625,171.03700256347656,1.4570000171661377,18.6299991607666,4696.56005859375,15521.8896484375,0.0205091455601988,0.0036381058820253,2.3746717553435444,3.2911657491583783,2.7
2021-12-23,146.21743774414062,171.06849670410156,1.493000030517578,17.959999084472656,4725.7900390625,15653.3701171875,0.0034252040567148,0.0001841364158221,2.409499205956196,2.9265197501865563,2.72
2021-12-27,147.20272827148438,169.66949462890625,1.4809999465942385,17.68000030517578,4791.18994140625,15871.259765625,0.0067385295662742,-0.008178022851368,2.454870109795449,2.881119782805857,2.75
2021-12-28,145.98902893066406,170.66099548339844,1.4809999465942385,17.540000915527344,4786.35009765625,15781.7197265625,-0.0082450872689119,0.0058437190295212,2.485666995186414,2.489138634567159,2.78
2021-12-29,145.95718383789062,169.2010040283203,1.5429999828338623,16.950000762939453,4793.06005859375,15766.2197265625,-0.0002181334652795,-0.0085549217086347,2.412910205668673,2.3633096004624106,2.83
2021-12-30,145.5048370361328,168.64450073242188,1.5149999856948853,17.329999923706055,4778.72998046875,15741.5595703125,-0.0030991746337077,-0.0032890070546229,2.225835850733848,2.4161041813701845,2.86
2021-12-31,144.16275024414062,166.7169952392578,1.5119999647140503,17.219999313354492,4766.18017578125,15644.9697265625,-0.0092236575726957,-0.0114294002163896,2.1581366980830667,2.5875669068004004,2.87
2022-01-03,144.30160522460938,170.4044952392578,1.628000020980835,16.600000381469727,4796.56005859375,15832.7998046875,0.0009631820996311,0.0221183208988862,2.0051023389365463,2.572224884495664,2.95
2022-01-04,143.71243286132812,167.52200317382812,1.6679999828338623,16.90999984741211,4793.5400390625,15622.7197265625,-0.0040829231411818,-0.0169155870059795,1.9436936134829896,2.668821005601256,2.93
2022-01-05,137.1194305419922,164.35699462890625,1.7050000429153442,19.729999542236328,4700.580078125,15100.169921875,-0.0458763531315185,-0.018893091563845,2.5818871539715142,2.678934259694416,2.87
2022-01-06,137.09207153320312,163.25399780273438,1.7330000400543213,19.61000061035156,4696.0498046875,15080.8603515625,-0.0001995268553911,-0.0067109819613231,2.9690365904549805,2.6739796036143253,2.77
2022-01-07,136.36505126953125,162.5540008544922,1.7710000276565552,18.76000022888184,4677.02978515625,14935.900390625,-0.0053031532424965,-0.0042877782943362,3.3356600717288747,2.8318798857006127,2.78
2022-01-10,138.00967407226562,161.48599243164062,1.7799999713897705,19.399999618530277,4670.2900390625,14942.830078125,0.0120604420811876,-0.0065701761706103,3.419293974721301,3.146491329803319,2.77
2022-01-11,139.0710906982422,165.36199951171875,1.746000051498413,18.40999984741211,4713.06982421875,15153.4501953125,0.0076908856796573,0.0240021256439246,3.4881806914816296,3.193748922662112,2.87
2022-01-12,140.75753784179688,165.20700073242188,1.725000023841858,17.6200008392334,4726.35009765625,15188.3896484375,0.0121265112331214,-0.0009373300985386,3.512069429489267,3.24393178891496,2.82
2022-01-13,137.92758178710938,161.21400451660156,1.7109999656677246,20.309999465942383,4659.02978515625,14806.8095703125,-0.0201051829840062,-0.0241696550274378,3.574941321346423,3.297519487311707,2.77
2022-01-14,138.8168182373047,162.13800048828125,1.7719999551773071,19.190000534057617,4662.85009765625,14893.75,0.0064471256486453,0.0057314870035656,3.63060794995276,3.461552541596716,2.79
2022-01-18,135.35089111328125,158.91749572753906,1.8650000095367432,22.790000915527344,4577.10986328125,14506.900390625,-0.0249676312138094,-0.0198627388461901,3.916151578153072,3.808005831803582,2.8
2022-01-19,134.47360229492188,156.2989959716797,1.8270000219345093,23.850000381469727,4532.759765625,14340.259765625,-0.0064815887885446,-0.0164771018060134,4.232013807035608,4.413505491277045,2.73
2022-01-20,132.67320251464844,151.66749572753906,1.8329999446868896,25.59000015258789,4482.72998046875,14154.01953125,-0.0133884996724106,-0.0296323096341567,4.633515356754295,5.287422679180676,2.74
2022-01-21,129.73126220703125,142.64300537109375,1.746999979019165,28.850000381469727,4397.93994140625,13768.919921875,-0.0221743370315672,-0.0595018089614747,5.099764067968112,7.059231747229501,2.7
2022-01-24,130.18161010742188,144.54400634765625,1.7350000143051147,29.899999618530277,4410.1298828125,13855.1298828125,0.0034713907251742,0.0133269834831153,5.3298101531125885,7.983553538040518,2.74
2022-01-25,126.33101654052734,139.98599243164062,1.7829999923706057,31.15999984741211,4356.4501953125,13539.2900390625,-0.029578629145216,-0.0315337455435732,5.714027019586188,9.176786445981644,2.78
2022-01-26,128.6180877685547,138.87249755859375,1.8480000495910645,31.959999084472656,4349.93017578125,13542.1201171875,0.0181037981855678,-0.0079543306705535,5.7837788239186505,10.059994588604996,2.75
2022-01-27,128.39117431640625,139.6374969482422,1.807000041007996,30.489999771118164,4326.509765625,13352.7802734375,-0.0017642421535356,0.0055086457224957,5.734746555123322,10.644841910999428,2.76
2022-01-28,132.7164764404297,143.97799682617188,1.781999945640564,27.65999984741211,4431.85009765625,13770.5703125,0.0336884692195758,0.0310840567382737,5.371018458623225,10.723027898804704,2.8
2022-01-31,134.6597137451172,149.57350158691406,1.781999945640564,24.82999992370605,4515.5498046875,14239.8798828125,0.0146420200174597,0.0388636103021893,4.9987964965436085,10.533215504535097,2.82
2022-02-01,136.98907470703125,151.19349670410156,1.7999999523162842,21.959999084472656,4546.5400390625,14346.0,0.0172981279785211,0.0108307628022343,4.554589365775565,9.961074202457295,2.8
2022-02-02,147.29579162597656,150.6125030517578,1.7660000324249268,22.09000015258789,4589.3798828125,14417.5498046875,0.0752375102977194,-0.0038427158906232,4.969073254854934,9.50669286739332,2.79
2022-02-03,142.40914916992188,138.8455047607422,1.8270000219345093,24.350000381469727,4477.43994140625,13878.8203125,-0.0331757099243078,-0.0781276325178123,5.215293652297479,9.707363179346409,2.76
2022-02-04,142.6112060546875,157.63949584960938,1.9299999475479128,23.21999931335449,4500.52978515625,14098.009765625,0.0014188476368504,0.1353590173571186,5.450632978302298,9.454833308360575,2.78
2022-02-07,138.5386505126953,157.9355010986328,1.9160000085830688,22.86000061035156,4483.8701171875,14015.669921875,-0.0285570514033131,0.0018777353189827,5.486791674515044,9.240514638333922,2.75
2022-02-08,138.7357177734375,161.4134979248047,1.9539999961853027,21.440000534057617,4521.5400390625,14194.4501953125,0.0014224713465367,0.022021627828944,5.504709021494742,9.236564740646047,2.77
2022-02-09,140.91827392578125,161.1894989013672,1.9290000200271609,19.959999084472656,4587.18017578125,14490.3701171875,0.0157317537788499,-0.0013877341505965,5.577251910817846,8.959069423288959,2.78
2022-02-10,137.96041870117188,159.0034942626953,2.0309998989105225,23.90999984741211,4504.080078125,14185.6396484375,-0.0209898627211913,-0.0135617062747338,5.483482251818279,8.56463204341046,2.81
2022-02-11,133.6435546875,153.2935028076172,1.955000042915344,27.36000061035156,4418.64013671875,13791.150390625,-0.0312905980882993,-0.0359111067436319,5.478291283091614,8.263068731756414,2.82
2022-02-14,134.88113403320312,155.16700744628906,1.996000051498413,28.32999992370605,4401.669921875,13790.919921875,0.0092602995228388,0.0122216832700543,5.425284931381055,7.906482441838039,2.91
2022-02-15,135.95848083496094,156.510498046875,2.0450000762939453,25.700000762939453,4471.06982421875,14139.759765625,0.0079873794766034,0.0086583522019072,5.426958637589783,7.791018995579735,2.89
2022-02-16,137.08261108398438,158.10049438476562,2.046999931335449,24.290000915527344,4475.009765625,14124.08984375,0.0082681877740897,0.0101590395387689,5.435226335175243,7.871586326806269,2.87
2022-02-17,131.9083251953125,154.65249633789062,1.972000002861023,28.11000061035156,4380.259765625,13716.7197265625,-0.0377457494262479,-0.0218089011061767,5.458923618599675,7.921227264189202,2.87
2022-02-18,129.7825164794922,152.60150146484375,1.932000041007996,27.75,4348.8701171875,13548.0703125,-0.0161158040076143,-0.0132619577544081,5.456095053663172,7.695264249542581,2.86
2022-02-22,129.19581604003906,150.19749450683594,1.9479999542236328,28.809999465942383,4304.759765625,13381.51953125,-0.0045206431140965,-0.0157534947882649,5.510665326509269,7.538691118753768,2.89
2022-02-23,126.9809112548828,144.82699584960938,1.9769999980926516,31.020000457763672,4225.5,13037.490234375,-0.017143781068497,-0.0357562466328766,5.455822239662259,7.21983721542993,3.01
2022-02-24,132.0596160888672,151.35800170898438,1.968999981880188,30.31999969482422,4288.7001953125,13473.58984375,0.0399958134163183,0.0450952242781925,5.279982271744695,6.555908948812785,3.05
2022-02-25,133.81971740722656,153.7884979248047,1.9859999418258667,27.59000015258789,4384.64990234375,13694.6201171875,0.0133280814414524,0.0160579301284211,5.021138083370062,5.831109429203261,3.02
2022-02-28,134.41436767578125,153.56300354003906,1.83899998664856,30.149999618530277,4373.93994140625,13751.400390625,0.004443667047548,-0.0014662630028149,4.978521654178597,5.421976714629056,3.11
2022-03-01,133.42359924316406,151.14199829101562,1.7070000171661377,33.31999969482422,4306.259765625,13532.4599609375,-0.0073710009558427,-0.0157655502511202,5.003545059348447,5.3721926906406825,3.14
2022-03-02,133.9311981201172,152.05250549316406,1.8650000095367432,30.739999771118164,4386.5400390625,13752.01953125,0.003804416009105,0.0060241839623909,5.016197819712884,5.354910952985379,3.23
2022-03-03,133.2623748779297,147.89849853515625,1.843999981880188,30.479999542236328,4363.490234375,13537.9404296875,-0.0049937822671284,-0.0273195561265813,4.241970902904948,5.470273446057364,3.17
2022-03-04,131.2788543701172,145.64100646972656,1.7239999771118164,31.979999542236328,4328.8701171875,13313.4404296875,-0.014884325073971,-0.0152637929917393,3.9492735045834726,4.659190263351119,3.19
2022-03-07,125.77717590332033,137.4530029296875,1.7510000467300415,36.45000076293945,4201.08984375,12830.9599609375,-0.0419083369762344,-0.0562204542423362,3.927750713853595,5.842438649903042,3.29
2022-03-08,126.4997100830078,136.01449584960938,1.871999979019165,35.130001068115234,4170.7001953125,12795.5498046875,0.0057445571861374,-0.0104654467302833,4.063731479044363,6.82033152424586,3.43
2022-03-09,132.78515625,139.2790069580078,1.9479999542236328,32.45000076293945,4277.8798828125,13255.5498046875,0.0496874353535494,0.0240011999309837,3.8391524209486514,6.97132231504311,3.33
2022-03-10,131.7993927001953,146.8175048828125,2.010999917984009,30.229999542236328,4259.52001953125,13129.9599609375,-0.0074237480878416,0.0541251556099731,3.3291545013651898,6.560327745060996,3.42
2022-03-11,129.25254821777344,145.52450561523438,2.003999948501587,30.75,4204.31005859375,12843.8095703125,-0.0193236435331322,-0.0088068467626539,3.11553692625616,6.269146628834992,3.52
2022-03-14,125.35169982910156,141.85299682617188,2.140000104904175,31.770000457763672,4173.10986328125,12581.2197265625,-0.0301800501611733,-0.0252294881438727,3.407494218943327,6.405476054371263,3.5
2022-03-15,128.58323669433594,147.3665008544922,2.1600000858306885,29.82999992370605,4262.4501953125,12948.6201171875,0.0257797610215106,0.0388677303383067,3.3666489798340486,6.227402889607319,3.42
2022-03-16,132.64633178710938,153.10400390625,2.187999963760376,26.670000076293945,4357.85986328125,13436.5498046875,0.0315989486439207,0.0389335637237051,3.195144150830114,6.035573107378256,3.34
2022-03-17,133.20217895507812,157.23899841308594,2.191999912261963,25.670000076293945,4411.669921875,13614.7802734375,0.0041904450766181,0.0270077489898168,2.911000536158268,5.963553161914785,3.51
2022-03-18,135.477783203125,161.25050354003906,2.1480000019073486,23.8700008392334,4463.1201171875,13893.83984375,0.0170838365100192,0.0255121513583698,3.086787954865032,6.50219838803505,3.48
2022-03-21,135.4539031982422,161.4915008544922,2.315000057220459,23.530000686645508,4461.18017578125,13838.4599609375,-0.0001762650991049,0.0014945523217748,3.228602002197788,7.07929906354639,3.52
2022-03-22,139.20248413085938,164.88900756835938,2.372999906539917,22.940000534057617,4511.60986328125,14108.8203125,0.0276742186390228,0.021038300442377,3.64094772488094,7.932577900926468,3.52
2022-03-23,137.61756896972656,163.4080047607422,2.321000099182129,23.56999969482422,4456.240234375,13922.599609375,-0.0113856815920245,-0.0089818164925469,3.6827165631416254,8.41421139789983,3.57
2022-03-24,140.89837646484375,163.64950561523438,2.3410000801086426,21.670000076293945,4520.16015625,14191.83984375,0.023840033795677,0.0014779010051912,4.153604192807472,8.910095090512387,3.57
2022-03-25,140.9989013671875,164.77349853515625,2.492000102996826,20.809999465942383,4543.06005859375,14169.2998046875,0.0007134567825828,0.0068682940146764,4.544230509412168,9.4047684122459,3.59
2022-03-28,140.78244018554688,168.99049377441406,2.476999998092652,19.6299991607666,4575.52001953125,14354.900390625,-0.0015351976472278,0.0255926789001088,4.854224741614667,10.1657348234855,3.56
2022-03-29,141.82742309570312,169.31500244140625,2.400000095367432,18.899999618530277,4631.60009765625,14619.6396484375,0.0074226793396889,0.0019202776425126,5.206307586985726,10.829257638981732,3.4
2022-03-30,141.2631378173828,166.30099487304688,2.3580000400543213,19.32999992370605,4602.4501953125,14442.26953125,-0.0039786753929776,-0.0178011843303869,5.46539108273842,11.19830233996981,3.41
2022-03-31,138.40579223632812,162.99749755859375,2.32699990272522,20.559999465942383,4530.41015625,14220.51953125,-0.020227113918059,-0.0198645673585716,5.539554082907772,11.26605116980641,3.34
2022-04-01,139.48362731933594,163.55999755859375,2.377000093460083,19.6299991607666,4545.85986328125,14261.5,0.0077874998263613,0.0034509732261245,5.595470187560879,11.20600566466471,3.28
2022-04-04,142.2912139892578,168.34649658203125,2.4119999408721924,18.56999969482422,4582.64013671875,14532.5498046875,0.0201284317297982,0.0292644845615308,5.398763187607975,10.665320340187474,3.28
2022-04-05,139.92205810546875,164.05499267578125,2.555999994277954,21.030000686645508,4525.1201171875,14204.169921875,-0.0166500503957182,-0.0254920891933075,5.016794977062997,9.497915918682244,3.31
2022-04-06,135.89828491210938,158.75599670410156,2.608999967575073,22.100000381469727,4481.14990234375,13888.8203125,-0.0287572470548309,-0.0323001201319852,4.947787443657397,8.327024003157284,3.28
2022-04-07,135.24192810058594,157.7845001220703,2.6519999504089355,21.549999237060547,4500.2099609375,13897.2998046875,-0.0048297652317534,-0.0061194323502751,4.833558784301526,7.7781276420763,3.26
2022-04-08,132.65328979492188,154.4604949951172,2.713000059127808,21.15999984741211,4488.27978515625,13711.0,-0.0191407971035341,-0.0210667405504437,4.612929743910131,7.1173620314676,3.33
2022-04-11,128.21054077148438,151.1219940185547,2.7799999713897705,24.3700008392334,4412.52978515625,13411.9599609375,-0.033491434930154,-0.0216139471563135,4.269021486279836,6.048453786371987,3.37
2022-04-12,127.1068115234375,150.78750610351562,2.7249999046325684,24.26000022888184,4397.4501953125,13371.5703125,-0.0086087246914752,-0.0022133635624076,4.43193886058616,5.675205710211697,3.31
2022-04-13,129.2759246826172,155.54100036621094,2.687000036239624,21.81999969482422,4446.58984375,13643.58984375,0.0170652786674592,0.0315244570689565,4.661495499573926,5.513512287420518,3.25
2022-04-14,126.1269989013672,151.7064971923828,2.828000068664551,22.700000762939453,4392.58984375,13351.080078125,-0.0243581764275201,-0.0246526842748859,5.18484963814455,5.862882340997475,3.33
2022-04-18,127.0689926147461,152.78500366210938,2.861999988555908,22.170000076293945,4391.68994140625,13332.3603515625,0.0074686127600289,0.0071091646678709,5.589317484859827,6.154293533105563,3.36
2022-04-19,129.39041137695312,158.11549377441406,2.9130001068115234,21.3700008392334,4462.2099609375,13619.66015625,0.0182689632965393,0.0348888306086196,5.780890366195788,6.178731109508542,3.36
2022-04-20,127.43075561523438,153.9980010986328,2.8399999141693115,20.31999969482422,4459.4501953125,13453.0703125,-0.0151452935411858,-0.0260410449190751,5.998888363154055,6.257220140304311,3.36
2022-04-21,124.22061157226562,148.29600524902344,2.9170000553131104,22.68000030517578,4393.66015625,13174.650390625,-0.0251912815510683,-0.0370264276739368,6.43450492253461,6.72206960575215,3.37
2022-04-22,119.06625366210938,144.35000610351562,2.9059998989105225,28.209999084472656,4271.77978515625,12839.2900390625,-0.0414935802111848,-0.0266089375697043,7.096341577422589,7.409904008633397,3.37
2022-04-25,122.48838806152344,146.07400512695312,2.825999975204468,27.020000457763672,4296.1201171875,13004.849609375,0.0287414300371415,0.0119431863563703,7.249394938035246,7.723476305963435,3.27
2022-04-26,118.08544158935548,139.39100646972656,2.7720000743865967,33.52000045776367,4175.2001953125,12490.740234375,-0.0359458275339247,-0.0457507730510871,7.635636481619728,8.20019175901916,3.25
2022-04-27,113.75066375732422,138.16700744628906,2.818000078201294,31.600000381469727,4183.9599609375,12488.9296875,-0.0367088251835948,-0.0087810473174488,8.15627368713526,8.469153079887096,3.28
2022-04-28,117.9585418701172,144.59649658203125,2.86299991607666,29.989999771118164,4287.5,12871.5302734375,0.0369921192000255,0.046534185364343,8.107343196520338,8.241980758500796,3.39
2022-04-29,113.56653594970705,124.28150177001952,2.88700008392334,33.400001525878906,4131.93017578125,12334.6396484375,-0.0372334707667558,-0.140494377749234,8.43866806328131,10.15527494737864,3.3
2022-05-02,116.02826690673828,124.5,2.996000051498413,32.34000015258789,4155.3798828125,12536.01953125,0.0216765523086961,0.0017580913238786,8.308866202559429,11.359648167510745,3.21
2022-05-03,116.77570343017578,124.25350189208984,2.9600000381469727,29.25,4175.47998046875,12563.759765625,0.0064418485543551,-0.0019799044812061,7.655726003013351,11.751933627993171,3.21
2022-05-04,121.67925262451172,125.92849731445312,2.9170000553131104,25.420000076293945,4300.169921875,12964.8603515625,0.0419911766771581,0.0134804685329348,6.827954204058237,11.956110442384592,3.24
2022-05-05,115.9511489868164,116.40699768066406,3.065999984741211,31.200000762939453,4146.8701171875,12317.6904296875,-0.0470754340953391,-0.0756103649042452,6.461037551987627,13.129739639436838,3.23
2022-05-06,115.19574737548828,114.77249908447266,3.122999906539917,30.190000534057617,4123.33984375,12144.66015625,-0.0065148264413836,-0.0140412400350301,6.0186845864616885,14.090065046445346,3.22
2022-05-09,111.97564697265624,108.78900146484376,3.0789999961853027,34.75,3991.239990234375,11623.25,-0.0279532923410436,-0.0521335482572793,5.885225417477312,15.427261345601671,3.06
2022-05-10,113.85067749023438,108.85900115966795,2.993000030517578,32.9900016784668,4001.050048828125,11737.669921875,0.0167449848986895,0.0006434445934944,5.843731173617554,16.492894121207424,2.92
2022-05-11,113.06195068359376,105.37200164794922,2.9210000038146973,32.560001373291016,3935.179931640625,11364.240234375,-0.006927730462634,-0.032032257090107,5.832859703853308,17.527795512748572,3.0
2022-05-12,112.30706024169922,106.93049621582033,2.816999912261963,31.770000457763672,3930.080078125,11370.9599609375,-0.0066767859331129,0.0147904048845732,5.587569053533423,17.79695628181184,2.89
2022-05-13,115.4983139038086,113.05500030517578,2.934999942779541,28.8700008392334,4023.889892578125,11805.0,0.0284154322554734,0.0572755603508492,5.354501962873767,17.62831281135208,3.03
2022-05-16,113.90044403076172,110.8105010986328,2.877000093460083,27.46999931335449,4008.010009765625,11662.7900390625,-0.0138345731555669,-0.0198531617397219,5.014074854981766,17.260925636415667,3.04
2022-05-17,115.91879272460938,115.36849975585938,2.9679999351501465,26.100000381469727,4088.85009765625,11984.51953125,0.0177202881957383,0.0411332735799965,4.184315036085645,15.909360891455265,3.08
2022-05-18,111.36705780029295,107.1125030517578,2.885999917984009,30.959999084472656,3923.679931640625,11418.150390625,-0.03926658324617,-0.0715619664082721,3.5586566803736743,14.94690785575478,3.05
2022-05-19,109.85877227783205,107.31900024414062,2.8550000190734863,29.350000381469727,3900.7900390625,11388.5,-0.0135433722705115,0.0019278532990965,3.2786443938682006,14.136205681282629,2.97
2022-05-20,108.3897933959961,107.59100341796876,2.7869999408721924,29.43000030517578,3901.360107421875,11354.6201171875,-0.0133715210117304,0.0025345295167615,3.513484019668617,13.351773405340367,2.88
2022-05-23,110.95751190185548,107.55699920654295,2.858999967575073,28.479999542236328,3973.75,11535.26953125,0.0236896706360381,-0.0003160506951839,3.123818288659008,12.025812878504404,2.92
2022-05-24,105.4657745361328,104.0999984741211,2.759999990463257,29.450000762939453,3941.47998046875,11264.4501953125,-0.0494940565230069,-0.0321411043253759,3.563376024948781,11.214653579001032,2.87
2022-05-25,105.3015594482422,106.7750015258789,2.749000072479248,28.3700008392334,3978.72998046875,11434.740234375,-0.0015570462419006,0.0256964754175554,4.024654038982164,10.054522142070454,2.88
2022-05-26,107.27960205078124,111.07749938964844,2.75600004196167,27.5,4057.840087890625,11740.650390625,0.018784551842381,0.0402949922948654,4.075222907048899,7.077281822658023,2.96
2022-05-27,111.7820816040039,115.14649963378906,2.743000030517578,25.71999931335449,4158.240234375,12131.1298828125,0.0419695773208721,0.0366320836037818,4.075166685333278,6.555364869323292,2.95
2022-05-31,113.22069549560548,120.20950317382812,2.844000101089477,26.190000534057617,4132.14990234375,12081.3896484375,0.0128698076736302,0.0439701037907482,3.9994991128148207,6.187631058971627,2.96
2022-06-01,113.35008239746094,121.68399810791016,2.930999994277954,25.690000534057617,4101.22998046875,11994.4599609375,0.001142784905967,0.0122660429928727,3.8776568714655486,5.93868160262577,2.96
2022-06-02,117.06282806396484,125.51100158691406,2.9130001068115234,24.71999931335449,4176.81982421875,12316.900390625,0.0327546799082616,0.0314503430073862,3.3987678320999,5.886701564272487,2.97
2022-06-03,113.9959945678711,122.3499984741211,2.9570000171661377,24.790000915527344,4108.5400390625,12012.73046875,-0.0261981838882107,-0.0251850680245271,3.3086300379716644,6.2729447143874895,3.04
2022-06-06,116.2646484375,124.79000091552734,3.0380001068115234,25.06999969482422,4121.43017578125,12061.3701171875,0.0199011717756292,0.019942807289224,3.371230209893081,6.875341284932973,3.05
2022-06-07,116.59207916259766,123.0,2.9719998836517334,24.020000457763672,4160.68017578125,12175.23046875,0.0028162535172819,-0.0143441053160904,3.521259439479268,7.1962628935856445,3.03
2022-06-08,116.63636779785156,121.18000030517578,3.0290000438690186,23.959999084472656,4115.77001953125,12086.26953125,0.0003798597260809,-0.0147967454863757,3.640109532768415,7.328464738637107,3.06
2022-06-09,114.28909301757812,116.1500015258789,3.0439999103546143,26.09000015258789,4017.820068359375,11754.23046875,-0.0201247245999773,-0.0415084895744305,3.6619437427513617,7.063963401575446,3.08
2022-06-10,110.632568359375,109.6500015258789,3.1559998989105225,27.75,3900.860107421875,11340.01953125,-0.0319936449022369,-0.0559621172157432,3.684981415984659,6.9379506961616135,3.13
2022-06-13,105.88626861572266,103.66999816894533,3.365999937057495,34.02000045776367,3749.6298828125,10809.23046875,-0.042901469377757,-0.0545371935587454,3.879673506309748,7.347664058676534,3.11
2022-06-14,106.20772552490234,102.30999755859376,3.4830000400543213,32.689998626708984,3735.47998046875,10828.349609375,0.0030358696494094,-0.0131185553619402,4.049325620675416,7.778309118780437,2.88
2022-06-15,109.24221801757812,107.66999816894533,3.3949999809265137,29.6200008392334,3789.989990234375,11099.150390625,0.0285712972166445,0.0523898029347702,3.9416359995277337,7.877477298598389,3.0
2022-06-16,105.52898406982422,103.66000366210938,3.306999921798706,32.95000076293945,3666.77001953125,10646.099609375,-0.0339908326207402,-0.0372433786108535,4.138998751338566,8.054716651474525,2.87
2022-06-17,106.63369750976562,106.22000122070312,3.239000082015991,31.1299991607666,3674.840087890625,10798.349609375,0.0104683414673116,0.0246960975125789,4.24310076427179,8.099639033619669,2.8
2022-06-21,111.01325988769533,108.68000030517578,3.306999921798706,30.190000534057617,3764.7900390625,11069.2998046875,0.0410710917862395,0.023159471438541,4.207151482772149,8.064842220329698,2.84
2022-06-22,110.95701599121094,108.9499969482422,3.1559998989105225,28.950000762939453,3759.889892578125,11053.080078125,-0.0005066412475525,0.0024843268523027,4.20715092365384,8.020622987155326,2.74
2022-06-23,111.70792388916016,112.44000244140624,3.068000078201294,29.049999237060547,3795.72998046875,11232.1904296875,0.0067675567087051,0.0320330939965241,4.012391108163581,7.7377469013294755,2.69
2022-06-24,117.41365051269533,116.45999908447266,3.125,27.229999542236328,3911.739990234375,11607.6201171875,0.0510771879459199,0.0357523706490603,3.992572725936203,7.592724122200414,2.82
2022-06-27,115.28234100341795,113.22000122070312,3.194000005722046,26.950000762939453,3900.110107421875,11524.5498046875,-0.0181521441499419,-0.0278206928493914,3.917607132476124,7.563779280751641,2.79
2022-06-28,111.47454071044922,107.4000015258789,3.2060000896453857,28.36000061035156,3821.550048828125,11181.5400390625,-0.0330302131256673,-0.0514043422723439,3.919874680469394,7.706919258433111,2.73
2022-06-29,111.16999816894533,108.91999816894533,3.0929999351501465,28.15999984741211,3818.830078125,11177.8896484375,-0.0027319470397724,0.0141526687287816,3.917753540816516,7.622672041516619,2.59
2022-06-30,108.44452667236328,106.20999908447266,2.9719998836517334,28.709999084472656,3785.3798828125,11028.740234375,-0.0245162502606155,-0.0248806383587079,3.9861634553145615,7.500089757491072,2.58
2022-07-01,108.22010040283205,109.55999755859376,2.888999938964844,26.700000762939453,3825.330078125,11127.849609375,-0.0020695029654128,0.0315412720365124,3.862739804736568,6.855364968261598,2.6
2022-07-05,112.72406768798828,113.5,2.809000015258789,27.540000915527344,3831.389892578125,11322.240234375,0.0416185835015026,0.0359620530230397,3.827708725103194,6.396913751361338,2.51
2022-07-06,114.02684020996094,114.33000183105467,2.9130001068115234,26.729999542236328,3845.080078125,11361.849609375,0.0115571816089765,0.0073127914630368,3.706218900754764,5.604280564351071,2.48
2022-07-07,118.21780395507812,116.33000183105467,3.007999897003174,26.07999992370605,3902.6201171875,11621.349609375,0.0367541864476841,0.0174932210965534,3.8458075663464864,4.996771533637275,2.53
2022-07-08,118.78559112548828,115.54000091552734,3.1010000705718994,24.63999938964844,3899.3798828125,11635.3095703125,0.0048028905242218,-0.0067910332940135,4.028865062897573,4.484870202311393,2.62
2022-07-11,115.12609100341795,111.75,2.990999937057495,26.170000076293945,3854.429931640625,11372.599609375,-0.0308076096384815,-0.0328025003072162,4.064720194772046,4.272444978559691,2.56
2022-07-12,113.47796630859376,109.22000122070312,2.9579999446868896,27.290000915527344,3818.800048828125,11264.73046875,-0.0143158225946826,-0.0226398101055649,4.084910726984445,4.274445485101802,2.5
2022-07-13,110.82365417480467,110.4000015258789,2.9040000438690186,26.81999969482422,3801.780029296875,11247.580078125,-0.0233905507838489,0.0108038847462685,3.8662325802794815,4.023865066473747,2.51
2022-07-14,109.84235382080078,110.62999725341795,2.9600000381469727,26.399999618530277,3790.3798828125,11251.1904296875,-0.0088546110603434,0.002083294604712,3.6687292900384687,3.577218172096741,2.54
2022-07-15,111.24564361572266,113.5500030517578,2.930000066757202,24.229999542236328,3863.159912109375,11452.419921875,0.0127754891087934,0.0263943403311404,3.6162816047225976,3.5692935293952868,2.59
2022-07-18,108.51121520996094,113.76000213623048,2.9600000381469727,25.299999237060547,3830.85009765625,11360.0498046875,-0.0245800942570595,0.001849397435744,3.3849060628123397,3.193407084774159,2.63
2022-07-19,113.26846313476562,118.20999908447266,3.0190000534057617,24.5,3936.68994140625,11713.150390625,0.0438410713178336,0.0391174126641911,3.119736764084911,3.3025499408994965,2.67
2022-07-20,113.35803985595705,122.7699966430664,3.0360000133514404,23.8799991607666,3959.89990234375,11897.650390625,0.0007908354957091,0.0385753962770543,3.1015019039304783,3.9973568132376,2.67
2022-07-21,113.7959442138672,124.62999725341795,2.9100000858306885,23.11000061035156,3998.949951171875,12059.6103515625,0.003863019848143,0.0151502863990393,3.0822496678006868,4.706660214316819,2.55
2022-07-22,107.3865966796875,122.41999816894533,2.782999992370605,23.030000686645508,3961.6298828125,11834.1103515625,-0.0563231631712112,-0.0177324812097919,3.3093151560347094,5.10691363965008,2.56
2022-07-25,106.99845123291016,121.13999938964844,2.819999933242798,23.36000061035156,3966.840087890625,11782.669921875,-0.00361446827424,-0.0104557980594838,3.336261841145195,5.330747791715353,2.58
2022-07-26,104.5202865600586,114.80999755859376,2.7869999408721924,24.690000534057617,3921.050048828125,11562.5703125,-0.0231607527426466,-0.0522536062650467,3.6505936993053,5.327618968060481,2.56
2022-07-27,112.52204132080078,120.97000122070312,2.733999967575073,23.239999771118164,4023.610107421875,12032.419921875,0.0765569539090795,0.0536538959419941,3.656647560909141,5.272605937662616,2.61
2022-07-28,113.67652130126952,122.27999877929688,2.680999994277954,22.32999992370605,4072.429931640625,12162.58984375,0.0102600340956962,0.01082911089836,3.6831518248564703,5.316895520220286,2.67
2022-07-29,115.76652526855467,134.9499969482422,2.6419999599456787,21.32999992370605,4130.2900390625,12390.6904296875,0.0183855376938053,0.1036146409505072,3.70129873607276,6.415607400863338,2.73
2022-08-01,114.31346893310548,135.38999938964844,2.6059999465942383,22.84000015258789,4118.6298828125,12368.98046875,-0.0125516105115742,0.0032604850044939,3.6135908372815706,7.361286033171567,2.72
2022-08-02,114.58218383789062,134.16000366210938,2.740999937057495,23.93000030517578,4091.18994140625,12348.759765625,0.002350684545689,-0.0090848344270921,3.6455813088451374,8.064025929183561,2.69
2022-08-03,117.5181655883789,139.52000427246094,2.747999906539917,21.950000762939453,4155.169921875,12668.16015625,0.0256233705114405,0.0399522992251182,3.802149670439528,9.13304899354654,2.72
2022-08-04,117.62762451171876,142.57000732421875,2.6760001182556152,21.440000534057617,4151.93994140625,12720.580078125,0.0009314213065854,0.0218606863414483,3.759009431158174,10.294945659385473,2.64
2022-08-05,116.91104888916016,140.8000030517578,2.8399999141693115,21.149999618530277,4145.18994140625,12657.5498046875,-0.006091899122618,-0.0124149833873247,3.6189252067294215,10.994967564827135,2.64
2022-08-08,116.74186706542967,139.41000366210938,2.765000104904175,21.290000915527344,4140.06005859375,12644.4599609375,-0.0014470986732046,-0.0098721545420527,3.696347743490107,11.216760133495814,2.65
2022-08-09,116.07504272460938,137.8300018310547,2.796999931335449,21.770000457763672,4122.47021484375,12493.9296875,-0.0057119554242401,-0.0113334896316634,3.7720158411701847,10.976610075050964,2.66
2022-08-10,119.13043975830078,142.69000244140625,2.7860000133514404,19.739999771118164,4210.240234375,12854.7998046875,0.0263226009827142,0.0352608325167747,3.996577758830136,10.934377434603656,2.61
2022-08-11,118.27452850341795,140.63999938964844,2.888000011444092,20.200000762939453,4207.27001953125,12779.91015625,-0.0071846562190095,-0.0143668303082384,4.068993595723391,10.53118586247972,2.67
2022-08-12,121.10102081298828,143.5500030517578,2.8489999771118164,19.530000686645508,4280.14990234375,13047.1904296875,0.0238977262926787,0.0206911524085484,4.354202493852086,10.330618198908766,2.67
2022-08-15,121.49913024902344,143.17999267578125,2.7909998893737797,19.950000762939453,4297.14013671875,13128.0498046875,0.0032874160214548,-0.0025775713556979,4.443786922111542,9.887883670501813,2.62
2022-08-16,121.12092590332033,144.77999877929688,2.8239998817443848,19.690000534057617,4305.2001953125,13102.5498046875,-0.0031128152516644,0.0111747882760318,4.647893527892296,9.70729289099046,2.61
2022-08-17,118.98117065429688,142.10000610351562,2.8929998874664307,19.899999618530277,4274.0400390625,12938.1201171875,-0.0176662722239376,-0.0185107936066959,4.703784622372284,9.551694973921464,2.65
2022-08-18,119.59820556640624,142.3000030517578,2.880000114440918,19.559999465942383,4283.740234375,12965.33984375,0.0051859879064577,0.0014074379989574,4.776255830224668,9.417582474474688,2.7
2022-08-19,116.6522979736328,138.22999572753906,2.989000082015991,20.600000381469727,4228.47998046875,12705.2197265625,-0.0246317039525959,-0.0286015968863921,4.356612741213653,8.932864329126621,2.72
2022-08-22,113.69642639160156,133.22000122070312,3.0369999408721924,23.799999237060547,4137.990234375,12381.5703125,-0.025339162908727,-0.0362439026382593,3.840492303031562,8.253124664517346,2.74
2022-08-23,113.31822967529295,133.6199951171875,3.053999900817871,24.11000061035156,4128.72998046875,12381.2998046875,-0.0033263729416259,0.0030025063265215,2.740595324797565,6.521046382700048,2.77
2022-08-24,113.14904022216795,133.8000030517578,3.1059999465942383,22.81999969482422,4140.77001953125,12431.5302734375,-0.0014930470905678,0.0013471631578225,2.690338584828352,5.318120710289715,2.79
2022-08-25,116.09495544433594,137.27999877929688,3.026000022888184,21.780000686645508,4199.1201171875,12639.26953125,0.0260357066784098,0.0260089360849482,2.5860560237428647,3.783521639794504,2.77
2022-08-26,109.81497955322266,130.75,3.0350000858306885,25.559999465942383,4057.659912109375,12141.7099609375,-0.0540934433117926,-0.0475670078479172,3.049408859594709,4.121650593841569,2.73
2022-08-29,108.89935302734376,129.7899932861328,3.109999895095825,26.209999084472656,4030.610107421875,12017.669921875,-0.0083379018928391,-0.0073423075630377,3.491036916944056,4.534402964684037,2.71
2022-08-30,108.42163848876952,128.72999572753906,3.109999895095825,26.209999084472656,3986.159912109375,11883.1396484375,-0.0043867527702783,-0.008167020675137,3.918433744365901,4.951969463397652,2.67
2022-08-31,107.70507049560548,126.7699966430664,3.132999897003174,25.8700008392334,3955.0,11816.2001953125,-0.0066090865546021,-0.0152256595162253,4.340471422536763,5.561615261359017,2.58
2022-09-01,109.21783447265624,127.81999969482422,3.265000104904175,25.559999465942383,3966.85009765625,11785.1298828125,0.0140454295242535,0.008282741023605,4.550328900542148,5.8391961427934,2.52
2022-09-02,107.33682250976562,127.51000213623048,3.193000078201294,25.46999931335449,3924.260009765625,11630.8603515625,-0.0172225714964304,-0.0024252664632599,4.866771512094706,6.117340543421815,2.55
2022-09-06,106.30177307128906,126.11000061035156,3.3399999141693115,26.90999984741211,3908.18994140625,11544.91015625,-0.0096430042763973,-0.0109795427999691,5.200650422638479,6.463153463352493,2.56
2022-09-07,108.92921447753906,129.47999572753906,3.265000104904175,24.63999938964844,3979.8701171875,11791.900390625,0.0247168163835607,0.0267226635546529,5.317834144779373,6.575811358567441,2.51
2022-09-08,107.8643035888672,129.82000732421875,3.2920000553131104,23.61000061035156,4006.179931640625,11862.1298828125,-0.0097761733964533,0.0026259778181887,5.338214391755554,6.423736330995962,2.46
2022-09-09,110.12350463867188,133.27000427246094,3.321000099182129,22.790000915527344,4067.360107421875,12112.3095703125,0.0209448443519906,0.0265752330426696,5.256913981120254,6.2607280038210185,2.51
2022-09-12,110.33250427246094,136.4499969482422,3.361999988555908,23.8700008392334,4110.41015625,12266.41015625,0.0018978658050778,0.0238612784110068,4.92347338050764,5.887163137518486,2.52
2022-09-13,103.82362365722656,126.81999969482422,3.421999931335449,27.270000457763672,3932.68994140625,11633.5703125,-0.0589933189512403,-0.0705752837581286,4.799007954361566,5.639378085902781,2.56
2022-09-14,104.5003890991211,128.5500030517578,3.4119999408721924,26.15999984741211,3946.010009765625,11719.6796875,0.0065184147697336,0.013641407988461,4.486799608594559,4.973199345775169,2.62
2022-09-15,102.42034149169922,126.27999877929688,3.4590001106262207,26.270000457763672,3901.35009765625,11552.3603515625,-0.0199046876796687,-0.0176585314552421,4.413011777210848,4.54187893466634,2.57
2022-09-16,102.31085968017578,123.52999877929688,3.447999954223633,26.299999237060547,3873.330078125,11448.400390625,-0.0010689459723419,-0.0217770036948309,4.097256170997483,4.070613575692788,2.49
2022-09-19,102.57957458496094,124.66000366210938,3.490000009536743,25.76000022888184,3899.889892578125,11535.01953125,0.0026264553501471,0.0091476151054725,3.927030775267669,3.818437165262199,2.44
2022-09-20,100.65876007080078,122.19000244140624,3.571000099182129,27.15999984741211,3855.929931640625,11425.0498046875,-0.0187251167879357,-0.0198139030013031,4.070908810395715,4.0732902148154935,2.48
2022-09-21,98.8075942993164,118.54000091552734,3.509999990463257,27.989999771118164,3789.929931640625,11220.1904296875,-0.0183905083887613,-0.0298715234712364,4.301590466065085,4.569981669320649,2.47
2022-09-22,99.66351318359376,117.30999755859376,3.7079999446868896,27.350000381469727,3757.989990234375,11066.8095703125,0.0086624807571422,-0.0103762725445742,4.337933724891276,5.012034865844336,2.45
2022-09-23,98.27017974853516,113.77999877929688,3.697000026702881,29.920000076293945,3693.22998046875,10867.9296875,-0.0139803764743059,-0.0300912015408892,4.038249539797127,5.361499812170885,2.38
2022-09-26,97.702880859375,115.1500015258789,3.878000020980835,32.2599983215332,3655.0400390625,10802.919921875,-0.0057728487992169,0.0120408047220976,4.244117768958303,5.812371045845015,2.33
2022-09-27,97.03607177734376,114.41000366210938,3.96399998664856,32.599998474121094,3647.2900390625,10829.5,-0.0068248661264246,-0.0064263817104963,4.463422424318146,6.23480693257594,2.35
2022-09-28,99.5739517211914,118.01000213623048,3.704999923706055,30.18000030517578,3719.0400390625,11051.6396484375,0.0261539847745588,0.0314657666190894,4.461474731534395,6.344337680311975,2.37
2022-09-29,96.95645141601562,114.8000030517578,3.746999979019165,31.84000015258789,3640.469970703125,10737.509765625,-0.0262869983558031,-0.027201076403397,4.60602643744999,6.658186293182813,2.18
2022-09-30,95.19487762451172,113.0,3.803999900817871,31.6200008392334,3585.6201171875,10575.6201171875,-0.0181687114758917,-0.0156794686751556,4.711155560090694,6.9945755045425,2.14
2022-10-03,98.170654296875,115.87999725341795,3.651000022888184,30.100000381469727,3678.429931640625,10815.4296875,0.0312598403046535,0.0254867013576811,4.663447472511715,7.081351888395269,2.26
2022-10-04,101.1563720703125,121.08999633789062,3.617000102996826,29.06999969482422,3790.929931640625,11176.41015625,0.0304135466430577,0.0449602969275095,4.5579200518787255,7.031797770563974,2.28
2022-10-05,100.94737243652344,120.9499969482422,3.759000062942505,28.549999237060547,3783.280029296875,11148.6396484375,-0.002066104482709,-0.0011561598305592,4.239502292633516,6.819351774972701,2.26
2022-10-06,100.93742370605467,120.3000030517578,3.825999975204468,30.520000457763672,3744.52001953125,11073.3095703125,-9.85536347170024e-05,-0.0053740712102913,3.957583309804691,6.551528769483412,2.29
2022-10-07,98.21046447753906,114.55999755859376,3.882999897003174,31.36000061035156,3639.659912109375,10652.400390625,-0.0270163347586218,-0.0477140926646069,3.375017552271077,6.062153317544021,2.36
2022-10-11,96.71759796142578,112.20999908447266,3.938999891281128,33.630001068115234,3588.840087890625,10426.1904296875,-0.0069487904086544,-0.0128441902700014,2.417774300211537,4.786978725012109,2.36
2022-10-12,97.09578704833984,112.9000015258789,3.901999950408936,33.56999969482422,3577.030029296875,10417.099609375,0.0039102406892372,0.006149206372302,2.1584201874363704,4.302575662311797,2.32
2022-10-13,98.5886459350586,112.52999877929688,3.95199990272522,31.940000534057617,3669.909912109375,10649.150390625,0.0153751149468053,-0.0032772607757425,2.012393407161716,3.935786549600003,2.38
2022-10-14,96.10054779052734,106.9000015258789,4.010000228881836,32.02000045776367,3583.070068359375,10321.3896484375,-0.0252371672309018,-0.0500310789521999,1.9358511050419145,4.223853045060175,2.44
2022-10-17,99.49433135986328,113.79000091552734,4.014999866485596,31.3700008392334,3677.949951171875,10675.7998046875,0.0353149242888131,0.0644527529588525,1.7109039941300546,3.741976862931432,2.48
2022-10-18,100.29051208496094,116.36000061035156,3.997999906539917,30.5,3719.97998046875,10772.400390625,0.0080022722321528,0.0225854615884226,1.6875219650590072,3.414196055482958,2.42
2022-10-19,99.15594482421876,115.06999969482422,4.126999855041504,30.76000022888184,3695.159912109375,10680.509765625,-0.0113128075343861,-0.0110862917562806,1.6935690181797272,3.328345471612832,2.46
2022-10-20,99.49433135986328,115.25,4.22599983215332,29.979999542236328,3665.780029296875,10614.83984375,0.0034126701756955,0.0015642678860967,1.6875104700499182,3.289089129570151,2.65
2022-10-21,100.64879608154295,119.31999969482422,4.2129998207092285,29.690000534057617,3752.75,10859.7197265625,0.0116033215752169,0.0353145309746136,1.758396703350324,3.409317822075084,2.69
2022-10-24,102.03218841552734,119.81999969482422,4.234000205993652,29.850000381469727,3797.340087890625,10952.6103515625,0.013744747953702,0.0041904123472913,1.9094710376069457,3.554781176886724,2.72
2022-10-25,103.9828643798828,120.5999984741211,4.107999801635742,28.459999084472656,3859.110107421875,11199.1201171875,0.0191182409654031,0.0065097544757426,2.190545446117787,3.7168990070283816,2.62
2022-10-26,94.47830963134766,115.66000366210938,4.014999866485596,27.280000686645508,3830.60009765625,10970.990234375,-0.0914050099044393,-0.0409618148798879,2.4179321987219407,3.6820198960737502,2.56
2022-10-27,91.78119659423828,110.95999908447266,3.937000036239624,27.38999938964844,3807.300048828125,10792.669921875,-0.0285474311260801,-0.0406363862080393,2.8667749981940918,3.830362846450453,2.57
2022-10-28,95.8318328857422,103.41000366210938,4.010000228881836,25.75,3901.06005859375,11102.4501953125,0.0441336182334999,-0.0680424971580574,2.830336595185684,4.672809890748793,2.62
2022-10-31,94.060302734375,102.44000244140624,4.077000141143799,25.8799991607666,3871.97998046875,10988.150390625,-0.0184858214438967,-0.0093801487897882,3.0087110746355226,5.450584118020421,2.67
2022-11-01,90.0395278930664,96.79000091552734,4.052000045776367,25.809999465942383,3856.10009765625,10890.849609375,-0.0427467775929151,-0.0551542502071942,3.468345399135812,6.48800394056663,2.65
2022-11-02,86.55618286132812,92.12000274658205,4.059000015258789,25.86000061035156,3759.68994140625,10524.7998046875,-0.0386868424707336,-0.0482487666574258,4.20880394497998,7.74958333983121,2.68
2022-11-03,83.03302001953125,89.30000305175781,4.124000072479248,25.299999237060547,3719.889892578125,10342.9404296875,-0.0407037686428634,-0.0306122406724401,5.1569466228756005,8.952684521455472,2.54
2022-11-04,86.16804504394531,90.9800033569336,4.156000137329102,24.549999237060547,3770.550048828125,10475.25,0.037756365162638,0.0188129926961151,5.599921628645288,9.85328381119976,2.61
2022-11-07,88.06893920898438,90.52999877929688,4.214000225067139,24.350000381469727,3806.800048828125,10564.51953125,0.0220603144015814,-0.0049461921414891,5.830287895901338,10.606356283318611,2.67
2022-11-08,88.47699737548828,89.9800033569336,4.125999927520752,25.540000915527344,3828.110107421875,10616.2001953125,0.0046333948173895,-0.0060752836604374,6.004555822786672,11.269162137730191,2.61
2022-11-09,86.90450286865234,86.13999938964844,4.151000022888184,26.09000015258789,3748.570068359375,10353.169921875,-0.0177729189900331,-0.0426761927542121,6.225079397195492,12.059621687906946,2.53
2022-11-10,93.49302673339844,96.62999725341795,3.828999996185303,23.530000686645508,3956.3701171875,11114.150390625,0.0758133772965021,0.1217784761794429,6.142290193870562,12.088731430859792,2.47
2022-11-14,95.24462890625,98.48999786376952,3.865000009536743,23.729999542236328,3957.25,11196.2197265625,-0.0073645150281588,-0.0228197542500814,6.011638064745603,11.955841770105714,2.42
2022-11-15,97.97161102294922,98.94000244140624,3.799000024795532,24.540000915527344,3991.72998046875,11358.41015625,0.0286313480142108,0.0045690383531042,5.900898469492461,11.601399522722067,2.4
2022-11-16,98.37965393066406,97.12000274658205,3.691999912261963,24.11000061035156,3958.7900390625,11183.66015625,0.0041649096452978,-0.018394983322363,5.865351042278886,11.280785326398153,2.35
2022-11-17,97.8919906616211,94.8499984741211,3.775000095367432,23.93000030517578,3946.56005859375,11144.9599609375,-0.0049569524750174,-0.0233731899533006,5.791508649100061,10.913461248082562,2.32
2022-11-18,96.9664077758789,94.13999938964844,3.818000078201294,23.1200008392334,3965.340087890625,11146.0595703125,-0.0094551441796868,-0.0074854938945135,5.6096201587691,10.0780830357208,2.28
2022-11-21,95.14511108398438,92.45999908447266,3.825000047683716,22.36000061035156,3949.93994140625,11024.509765625,-0.0187827592428105,-0.0178457649890373,5.249433957016539,8.968277508308564,2.34
2022-11-22,96.58821868896484,93.1999969482422,3.757999897003174,21.290000915527344,4003.580078125,11174.41015625,0.0151674383322402,0.0080034379309636,4.664576045434936,7.288405966515447,2.35
2022-11-23,97.99151611328124,94.12999725341795,3.7060000896453857,20.350000381469727,4027.260009765625,11285.3203125,0.0145286603621435,0.0099785443736897,4.801141648076814,5.782208691456597,2.33
2022-11-25,96.99626159667967,93.41000366210938,3.690999984741211,20.5,4026.1201171875,11226.3603515625,-0.0101565375868969,-0.0076489282090407,4.882273954132907,4.537378214836099,2.34
2022-11-28,95.59297943115234,93.9499969482422,3.703000068664551,22.209999084472656,3963.93994140625,11049.5,-0.0144673840251939,0.0057808935334819,4.875496238645154,4.059699813187414,2.29
2022-11-29,94.73707580566406,92.41999816894533,3.747999906539917,21.88999938964844,3957.6298828125,10983.7802734375,-0.0089536243203374,-0.0162852456518945,4.885026612416587,3.596691600756185,2.3
2022-11-30,100.50946807861328,96.54000091552734,3.703000068664551,20.57999992370605,4080.110107421875,11468.0,0.0609306570195415,0.0445791260355858,5.095161502426357,3.586240103792568,2.41
2022-12-01,100.50946807861328,95.5,3.5290000438690186,19.84000015258789,4076.570068359375,11482.4501953125,0.0,-0.0107727460706918,5.02997791839914,3.5822447594859144,2.45
2022-12-02,99.96208953857422,94.12999725341795,3.50600004196167,19.059999465942383,4071.699951171875,11461.5,-0.0054460395672468,-0.0143455784982411,4.4155688237916815,3.4091136238302395,2.51
2022-12-05,99.00665283203124,91.01000213623048,3.5989999771118164,20.75,3998.840087890625,11239.9404296875,-0.0095579905437478,-0.0331455987275534,3.945012234148753,3.4076209586157478,2.46
2022-12-06,96.51854705810548,88.25,3.513000011444092,22.170000076293945,3941.260009765625,11014.8896484375,-0.0251306927641211,-0.0303263605257265,3.4984868544527736,3.5716830842233644,2.38
2022-12-07,94.4882583618164,88.45999908447266,3.407999992370605,22.68000030517578,3933.919921875,10958.5498046875,-0.0210352181852343,0.0023795930251859,3.022058347256644,3.6786250114332537,2.33
2022-12-08,93.26410675048828,90.3499984741211,3.490999937057495,22.290000915527344,3963.510009765625,11082.0,-0.0129555950395505,0.021365582288144,2.1686686232185344,3.3049747092018253,2.36
2022-12-09,92.3883056640625,89.08999633789062,3.566999912261963,22.82999992370605,3934.3798828125,11004.6201171875,-0.009390548164138,-0.0139457903432214,2.270622335919449,3.444901194919927,2.3
2022-12-12,92.86600494384766,90.5500030517578,3.611000061035156,25.0,3990.56005859375,11143.740234375,0.0051705600221974,0.0163879983598813,2.430841095918684,3.10516155791412,2.35
2022-12-13,95.17497253417967,92.48999786376952,3.500999927520752,22.549999237060547,4019.64990234375,11256.8095703125,0.0248634319063059,0.0214245692615033,2.433010952614408,2.8627605143654864,2.31
2022-12-14,94.61764526367188,91.58000183105467,3.503000020980835,21.13999938964844,3995.320068359375,11170.8896484375,-0.0058558175081969,-0.0098388588359056,2.452447258053464,2.5179928902243827,2.25
2022-12-15,90.42767333984376,88.44999694824219,3.450000047683716,22.82999992370605,3895.75,10810.5302734375,-0.044283198045691,-0.0341778207057331,2.7542459024861574,2.4592716950527542,2.21
2022-12-16,89.83052825927734,87.86000061035156,3.4820001125335693,22.6200008392334,3852.360107421875,10705.41015625,-0.0066035656841708,-0.0066703941011537,3.049497224027765,2.564468303395353,2.14
2022-12-19,88.0191879272461,84.91999816894531,3.5810000896453857,22.420000076293945,3817.659912109375,10546.0302734375,-0.0201639728400927,-0.0334623539834105,3.477015155115286,2.941340458173689,2.19
2022-12-20,88.59642028808594,85.19000244140625,3.684000015258789,21.479999542236328,3821.6201171875,10547.1103515625,0.0065580287029796,0.0031795134041781,3.780686875577034,3.24216673684954,2.26
2022-12-21,89.15375518798828,86.7699966430664,3.684000015258789,20.06999969482422,3878.43994140625,10709.3701171875,0.006290715788404,0.0185467091956814,3.967283522127035,3.337652711779833,2.31
2022-12-22,87.34242248535156,83.79000091552734,3.6689999103546143,21.96999931335449,3822.389892578125,10476.1201171875,-0.0203169535463466,-0.0343436192558292,4.187139906731541,3.579045034595273,2.24
2022-12-23,88.80542755126953,85.25,3.750999927520752,20.8700008392334,3844.820068359375,10497.8603515625,0.0167502231365672,0.0174245025482759,4.278241622080461,3.662255205556367,2.29
2022-12-27,86.97418212890625,83.04000091552734,3.859999895095825,21.649999618530277,3829.25,10353.23046875,-0.020620872764855,-0.0259237429263654,4.494535183741454,3.82480752433344,2.33
2022-12-28,85.61070251464844,81.81999969482422,3.88700008392334,22.13999938964844,3783.219970703125,10213.2900390625,-0.0156768316859475,-0.0146917293744273,4.780162670606153,4.092163938522865,2.33
2022-12-29,88.02912902832031,84.18000030517578,3.8350000381469727,21.440000534057617,3849.280029296875,10478.08984375,0.0282491142186114,0.0288438110383035,4.514727903974864,3.775140584288285,2.32
2022-12-30,87.8101806640625,84.0,3.878999948501587,21.670000076293945,3839.5,10466.48046875,-0.0024872262928714,-0.0021382787422574,4.144533388902382,3.456508230241462,2.33
2023-01-03,88.69595336914062,85.81999969482422,3.7929999828338623,22.899999618530277,3824.139892578125,10386.98046875,0.0100873577343707,0.0216666630336217,3.663623309078511,3.1068247614444906,2.29
2023-01-04,87.66089630126953,85.13999938964844,3.7090001106262207,22.01000022888184,3852.969970703125,10458.759765625,-0.0116697214309577,-0.0079235645256799,3.186543807422608,2.9976847936182605,2.21
2023-01-05,85.78984832763672,83.12000274658203,3.7200000286102295,22.459999084472656,3808.10009765625,10305.240234375,-0.0213441574587883,-0.0237255891184796,2.9836161992791843,3.0896533643209447,2.22
2023-01-06,86.92440795898438,86.08000183105469,3.569000005722046,21.1299991607666,3895.080078125,10569.2900390625,0.013224870465031,0.035611152390083,2.8304948205359355,3.0596683802960425,2.18
2023-01-09,87.60118103027344,87.36000061035156,3.5169999599456787,21.96999931335449,3892.090087890625,10635.650390625,0.0077857656690443,0.0148698739785004,2.7039247830033277,2.9306677814405653,2.18
2023-01-10,87.99927520751953,89.87000274658203,3.621000051498413,20.57999992370605,3919.25,10742.6298828125,0.0045443928102808,0.0287317092341348,2.6004895296588457,2.974265751789998,2.2
2023-01-11,91.08452606201172,95.08999633789062,3.553999900817871,21.09000015258789,3969.610107421875,10931.669921875,0.0350599575646113,0.0580838258793434,2.485326819967689,3.446345808177093,2.21
2023-01-12,90.69638061523438,95.2699966430664,3.4489998817443848,18.82999992370605,3983.169921875,11001.099609375,-0.0042613763671898,0.0018929468094222,2.043985508431984,3.740314344508976,2.21
2023-01-13,91.68167877197266,98.12000274658205,3.510999917984009,18.350000381469727,3999.090087890625,11079.16015625,0.0108636987502099,0.029915043601747,1.6565084541794135,4.412184932685596,2.2
2023-01-17,90.85562896728516,96.0500030517578,3.5350000858306885,19.36000061035156,3990.969970703125,11095.1103515625,-0.0090099768650836,-0.0210966126873282,1.6860804832345702,4.844561796165443,2.18
2023-01-18,90.68643951416016,95.45999908447266,3.375,20.34000015258789,3928.860107421875,10957.009765625,-0.0018621790971907,-0.0061426751539739,1.7329593425781529,5.166834431042952,2.09
2023-01-19,92.60725402832033,93.68000030517578,3.3970000743865967,20.520000457763672,3898.85009765625,10852.26953125,0.0211808350228617,-0.0186465409215199,1.9552569556745545,5.278420070343461,2.21
2023-01-20,97.55360412597656,97.25,3.483999967575073,19.850000381469727,3972.610107421875,11140.4296875,0.0534121235917826,0.0381084509307689,2.7763954098889347,5.589540424053364,2.23
2023-01-23,99.315185546875,97.5199966430664,3.525000095367432,19.809999465942383,4019.81005859375,11364.41015625,0.0180575739531223,0.0027763150957984,3.583994738233981,5.887133963499386,2.28
2023-01-24,97.23511505126952,96.31999969482422,3.469000101089477,19.200000762939453,4016.949951171875,11334.26953125,-0.0209441334087193,-0.0123051373005508,3.9112160146919583,5.925793785415424,2.29
2023-01-25,94.76692199707033,97.18000030517578,3.461999893188477,19.07999992370605,4016.219970703125,11313.3603515625,-0.0253837623671017,0.0089285777935668,4.026346810532434,6.019854622524767,2.28
2023-01-26,97.05597686767578,99.22000122070312,3.493000030517578,18.729999542236328,4060.429931640625,11512.41015625,0.0241545765375414,0.0209919830121536,4.192161685912611,6.034972174483412,2.32
2023-01-27,98.89718627929688,102.23999786376952,3.5179998874664307,18.51000022888184,4070.56005859375,11621.7099609375,0.018970592755265,0.0304373776044286,4.3459359366273045,6.051333560013616,2.33
2023-01-30,96.4787368774414,100.5500030517578,3.5510001182556152,19.940000534057617,4017.77001953125,11393.8095703125,-0.0244541780493683,-0.0165296835614527,4.386205656984264,5.980765363080694,2.3
2023-01-31,98.36970520019533,103.12999725341795,3.5290000438690186,19.399999618530277,4076.60009765625,11584.5498046875,0.0195998453540704,0.0256588177360086,4.480989512876458,5.950343248489403,2.27
2023-02-01,99.95213317871094,105.1500015258789,3.3970000743865967,17.8700008392334,4119.2099609375,11816.3203125,0.0160865377739536,0.0195869710681486,4.668105181083842,6.081950336593178,2.29
2023-02-02,107.22734832763672,112.91000366210938,3.3959999084472656,18.729999542236328,4179.759765625,12200.8203125,0.072786992308788,0.0737993535294492,5.44115467079417,6.794927017216561,2.26
2023-02-03,104.28143310546876,103.38999938964844,3.532000064849853,18.32999992370605,4136.47998046875,12006.9501953125,-0.0274735435326315,-0.0843149762083984,5.518311670368124,6.164291707252508,2.27
2023-02-06,102.4103775024414,102.18000030517578,3.634000062942505,19.43000030517578,4111.080078125,11887.4501953125,-0.0179423656475355,-0.011703250716856,5.401385560277101,5.607957193590739,2.33
2023-02-07,107.12782287597656,102.11000061035156,3.674000024795532,18.65999984741211,4164.0,12113.7900390625,0.0460641342077143,-0.0006850625818668,5.595498277552453,5.019055180651565,2.4
2023-02-08,98.89718627929688,100.0500030517578,3.6530001163482666,19.6299991607666,4117.85986328125,11910.51953125,-0.0768300556822517,-0.0201742977796527,5.209210021364222,4.521603097791839,2.46
2023-02-09,94.55792999267578,98.23999786376952,3.683000087738037,20.709999084472656,4081.5,11789.580078125,-0.0438764382473586,-0.0180910058248766,5.044303887217566,4.408080458269613,2.45
2023-02-10,94.12001037597656,97.61000061035156,3.74399995803833,20.530000686645508,4090.4599609375,11718.1201171875,-0.0046312310002253,-0.0064128386310796,4.854624180183118,4.311484041620307,2.47
2023-02-13,94.15982818603516,99.54000091552734,3.7170000076293945,20.34000015258789,4137.2900390625,11891.7900390625,0.0004230536088929,0.0197725672892896,4.72265791876611,4.291964747343307,2.44
2023-02-14,94.2294921875,99.6999969482422,3.760999917984009,18.90999984741211,4136.1298828125,11960.150390625,0.000739848434379,0.0016073541414833,4.516251475296459,4.192097623101145,2.45
2023-02-15,96.4787368774414,101.16000366210938,3.809000015258789,18.229999542236328,4147.60009765625,12070.58984375,0.0238698589764847,0.0146439995843241,4.197262808168466,4.046144122757539,2.51
2023-02-16,95.0555419921875,98.1500015258789,3.8429999351501465,20.170000076293945,4090.409912109375,11855.830078125,-0.0147513838936533,-0.0297548638519662,4.0562544170170245,3.765873787954708,2.52
2023-02-17,93.90106201171876,97.1999969482422,3.828000068664551,20.020000457763672,4079.090087890625,11787.26953125,-0.0121453200547069,-0.009679109147912,4.177193686114964,3.768286631493684,2.5
2023-02-21,91.3532485961914,94.58000183105467,3.954999923706055,22.8700008392334,3997.340087890625,11492.2998046875,-0.027132956336632,-0.0269546831218793,4.4391022838648455,3.950863846236747,2.58
2023-02-22,91.2139129638672,95.79000091552734,3.92300009727478,22.290000915527344,3991.050048828125,11507.0703125,-0.0015252400376052,0.0127933924830541,4.679104227223149,3.9822444858060098,2.52
2023-02-23,90.45752716064452,95.81999969482422,3.878999948501587,21.13999938964844,4012.320068359375,11590.400390625,-0.0082924389344231,0.0003131723458624,4.906573741879813,4.052975241403877,2.5
2023-02-24,88.70590209960938,93.5,3.9489998817443848,21.670000076293945,3970.0400390625,11394.9404296875,-0.0193640608583565,-0.0242120611794317,5.271151261697266,4.335284153705221,2.47
2023-02-27,89.4423828125,93.76000213623048,3.921999931335449,20.950000762939453,3982.239990234375,11466.98046875,0.0083024995570601,0.0027807715104863,5.500981935662442,4.5304092814712,2.49
2023-02-28,89.63147735595703,94.2300033569336,3.9159998893737793,20.700000762939453,3970.14990234375,11455.5400390625,0.0021141492155172,0.0050128115400447,5.706439101062341,4.687595291277311,2.58
2023-03-01,89.9300537109375,92.16999816894533,3.99399995803833,20.57999992370605,3951.389892578125,11379.48046875,0.0033311551230459,-0.0218614572280677,5.838621247954423,4.867024509859316,2.59
2023-03-02,91.56224060058594,92.12999725341795,4.072999954223633,19.59000015258789,3981.35009765625,11462.98046875,0.0181495153432775,-0.0004339906295107,5.815108738395864,4.852430282723851,2.65
2023-03-03,93.2043914794922,94.9000015258789,3.96399998664856,18.489999771118164,4045.639892578125,11689.009765625,0.0179348044361393,0.0300662580597024,5.094011503092844,3.4493288641935003,2.71
2023-03-06,94.67735290527344,93.75,3.983000040054321,18.61000061035156,4048.419921875,11675.740234375,0.0158035624974317,-0.0121180348512988,4.550680938941505,3.2210646910578844,2.7
2023-03-07,93.41340637207033,93.5500030517578,3.974999904632568,19.59000015258789,3986.3701171875,11530.330078125,-0.0133500408959228,-0.0021333007812499,4.104119259518375,3.0393562991463248,2.54
2023-03-08,93.8015365600586,93.91999816894533,3.9760000705718994,19.11000061035156,3992.010009765625,11576.0,0.0041549730714489,0.0039550518986386,2.599093881928068,2.7688056602051003,2.47
2023-03-09,91.88072204589844,92.25,3.924999952316284,22.61000061035156,3918.320068359375,11338.349609375,-0.0204774312298211,-0.0177810711403686,2.194708915328653,2.715282186272688,2.43
2023-03-10,90.1987533569336,90.7300033569336,3.694999933242798,24.799999237060547,3861.590087890625,11138.8896484375,-0.0183060020808786,-0.0164769283801236,2.2052957302227365,2.846716676084984,2.34
2023-03-13,90.67648315429688,92.43000030517578,3.515000104904175,26.520000457763672,3855.760009765625,11188.83984375,0.0052964124179502,0.0187368773872338,2.195951759871859,2.853651596810077,2.26
2023-03-14,93.52287292480467,94.87999725341795,3.638000011444092,23.729999542236328,3919.2900390625,11428.150390625,0.0313906061582067,0.0265065123894086,2.17048389479823,2.642719852956505,2.35
2023-03-15,95.6526870727539,96.1999969482422,3.492000102996826,26.13999938964844,3891.929931640625,11434.0498046875,0.0227731899303569,0.0139123074729712,2.263024126033168,2.401128240306301,2.33
2023-03-16,99.84265899658205,100.04000091552734,3.5850000381469727,22.989999771118164,3960.280029296875,11717.2802734375,0.0438040169288835,0.0399168824230957,2.6811758815681035,2.2470959240336854,2.26
2023-03-17,101.13646697998048,98.9499969482422,3.3949999809265137,25.51000022888184,3916.639892578125,11630.509765625,0.0129584688188515,-0.0108956813005783,3.276189329471772,2.3213984389328264,2.1
2023-03-20,100.7383804321289,97.70999908447266,3.4809999465942383,24.149999618530277,3951.570068359375,11675.5400390625,-0.0039361326308774,-0.012531560404374,3.732011011498916,2.354729271753427,2.14
2023-03-21,104.42076873779295,100.61000061035156,3.6059999465942383,21.3799991607666,4002.8701171875,11860.1103515625,0.0365539756532518,0.0296796802072609,4.486542147060145,2.71525942764431,2.25
2023-03-22,102.8781509399414,98.6999969482422,3.5,22.26000022888184,3936.969970703125,11669.9599609375,-0.0147730936718649,-0.0189842326858395,4.885957166498175,2.842371068957971,2.31
2023-03-23,105.0975341796875,98.70999908447266,3.4059998989105225,22.61000061035156,3948.719970703125,11787.400390625,0.0215729308844376,0.0001013387693995,5.355838801890811,2.956794251886432,2.26
2023-03-24,104.93830108642578,98.12999725341795,3.380000114440918,21.739999771118164,3970.989990234375,11823.9599609375,-0.0015150982799413,-0.0058758163958479,5.574011191916948,3.0012321584338424,2.21
2023-03-27,101.97248077392578,98.04000091552734,3.5280001163482666,20.600000381469727,3977.530029296875,11768.83984375,-0.0282625150378352,-0.0009171134251457,5.521928753951413,3.031515085039972,2.27
2023-03-28,100.54927825927734,97.23999786376952,3.563999891281128,19.96999931335449,3971.27001953125,11716.080078125,-0.0139567313048281,-0.0081599657720026,5.348394837753348,3.0345576459963626,2.34
2023-03-29,100.90756225585938,100.25,3.565999984741211,19.1200008392334,4027.81005859375,11926.240234375,0.003563267710964,0.0309543624265336,5.143504217098547,3.070223881968755,2.38
2023-03-30,100.40994262695312,102.0,3.5510001182556152,19.020000457763672,4050.830078125,12013.4697265625,-0.0049314403973459,0.0174563591022443,4.978930689616709,3.1803013887796965,2.4
2023-03-31,103.23643493652344,103.29000091552734,3.49399995803833,18.700000762939453,4109.31005859375,12221.91015625,0.0281495261885709,0.0126470677992875,4.976132965220131,3.4769007126706337,2.4
2023-04-03,103.86343383789062,102.41000366210938,3.430000066757202,18.549999237060547,4124.509765625,12189.4501953125,0.006073426516062,-0.008519675143944,5.028628432267528,3.5795377361249123,2.39
2023-04-04,104.22171783447266,103.9499969482422,3.336999893188477,19.0,4100.60009765625,12126.330078125,0.0034495681814374,0.0150375278885239,4.982084407513282,3.7275582227667514,2.32
2023-04-05,103.97291564941406,101.0999984741211,3.2869999408721924,19.07999992370605,4090.3798828125,11996.8603515625,-0.002387239341552,-0.0274170135429646,4.888324073063784,3.656782885389604,2.29
2023-04-06,107.90412139892578,102.05999755859376,3.2880001068115234,18.399999618530277,4105.02001953125,12087.9599609375,0.0378099019822368,0.0094955400490772,4.798822103795071,3.4427898116156204,2.31
2023-04-10,105.93354034423828,102.16999816894533,3.414999961853028,18.96999931335449,4109.10986328125,12084.3603515625,-0.0182623335340657,0.001077803380197,4.223437322076024,2.9312804609642407,2.34
2023-04-11,104.84871673583984,99.91999816894533,3.434000015258789,19.100000381469727,4108.93994140625,12031.8798828125,-0.0102406056181378,-0.0220221203907576,3.404915010051764,2.4223583756069265,2.36
2023-04-12,104.14209747314452,97.83000183105467,3.4210000038146973,19.09000015258789,4091.949951171875,11929.33984375,-0.0067394173690804,-0.020916697119598,2.7235958141453804,2.183933290306057,2.29
2023-04-13,106.91883087158205,102.4000015258789,3.45199990272522,17.799999237060547,4146.22021484375,12166.26953125,0.0266629294570674,0.0467136830142993,2.2909918377483662,2.057688026790457,2.29
2023-04-14,108.35196685791016,102.51000213623048,3.5220000743865967,17.06999969482422,4137.64013671875,12123.4697265625,0.0134039623763697,0.0010742246944572,2.384465525445494,2.116103895247252,2.31
2023-04-17,105.4657745361328,102.73999786376952,3.5910000801086426,16.950000762939453,4151.31982421875,12157.7197265625,-0.0266371936336163,0.0022436418178335,2.323557379629196,2.1489590935848875,2.35
2023-04-18,104.00276947021484,102.3000030517578,3.572000026702881,16.829999923706055,4154.8701171875,12153.41015625,-0.0138718467896591,-0.0042826048390145,2.190367648435201,2.068975743661752,2.33
2023-04-19,103.68428802490234,104.3000030517578,3.601999998092652,16.459999084472656,4154.52001953125,12157.23046875,-0.0030622400435568,0.0195503415477722,2.192682499966833,2.2092250382723613,2.33
2023-04-20,104.78900909423828,103.80999755859376,3.5450000762939453,17.170000076293945,4129.7900390625,12059.5595703125,0.0106546622480603,-0.0046980391066805,2.175220973480814,2.224359746915974,2.28
2023-04-21,104.90843963623048,106.95999908447266,3.569999933242798,16.770000457763672,4133.52001953125,12072.4599609375,0.0011397239369328,0.0303439129174523,2.1717996981246395,2.4775317997546464,2.3
2023-04-24,105.4657745361328,106.20999908447266,3.515000104904175,16.889999389648438,4137.0400390625,12037.2001953125,0.0053125840193115,-0.0070119671505202,2.1837541562561325,2.5280810959111792,2.33
2023-04-25,103.3558578491211,102.56999969482422,3.3959999084472656,18.76000022888184,4071.6298828125,11799.16015625,-0.0200057003922998,-0.0342717203749659,2.12810282787023,2.343804600803648,2.26
2023-04-26,103.2165298461914,104.9800033569336,3.431999921798706,18.84000015258789,4055.989990234375,11854.349609375,-0.0013480416671987,0.0234961847448555,1.9540670127630897,2.089357932580601,2.26
2023-04-27,107.07807159423828,109.81999969482422,3.5280001163482666,17.030000686645508,4135.35009765625,12142.240234375,0.0374120477970065,0.0461039834551593,1.844383446188772,2.547292099186382,2.29
2023-04-28,106.8292465209961,105.4499969482422,3.45199990272522,15.779999732971191,4169.47998046875,12226.580078125,-0.0023237724544113,-0.0397924126636833,1.5822305131112944,2.580735872379544,2.2
2023-05-01,106.68991088867188,102.0500030517578,3.5739998817443848,16.079999923706055,4167.8701171875,12212.599609375,-0.0013042835820884,-0.0322427121373287,1.5552758335901695,2.596819791414601,2.24
2023-05-02,104.81886291503906,103.62999725341795,3.438999891281128,17.780000686645508,4119.580078125,12080.509765625,-0.0175372531296347,0.0154825492837937,1.5237593978592932,2.589701188145264,2.18
2023-05-03,104.90843963623048,103.6500015258789,3.4030001163482666,18.34000015258789,4090.75,12025.330078125,0.000854585889412,0.0001930355398158,1.505095953837038,2.5868370983415594,2.19
2023-05-04,104.1918716430664,104.0,3.3510000705718994,20.09000015258789,4061.219970703125,11966.400390625,-0.0068304132217461,0.0033767339022539,1.4952067598085472,2.53645930520964,2.13
2023-05-05,105.0676727294922,105.66000366210938,3.446000099182129,17.190000534057617,4136.25,12235.41015625,0.0084056565316923,0.0159615736741285,1.3721691119841937,2.558919355544333,2.19
2023-05-08,107.2572021484375,105.83000183105467,3.5209999084472656,16.979999542236328,4138.1201171875,12256.919921875,0.0208392302033992,0.0016089169321718,1.4380566472464271,2.5784548195823875,2.22
2023-05-09,106.8392105102539,106.62000274658205,3.5209999084472656,17.709999084472656,4119.169921875,12179.5498046875,-0.0038970962304715,0.0074648105627785,1.4736504225466704,2.4768214653688974,2.22
2023-05-10,111.21827697753906,110.19000244140624,3.438999891281128,16.940000534057617,4137.64013671875,12306.4404296875,0.0409874468968007,0.0334833952622333,1.9336431103523624,2.3515222419694624,2.13
2023-05-11,116.0153350830078,112.18000030517578,3.3970000743865967,16.93000030517578,4130.6201171875,12328.509765625,0.0431319225205901,0.0180596952507348,2.998783891755882,2.8031788158306186,2.1
2023-05-12,116.95085906982422,110.26000213623048,3.463000059127808,17.030000686645508,4124.080078125,12284.740234375,0.0080637959296248,-0.0171153339607962,3.824997364057396,2.933753792565506,2.11
2023-05-15,115.95561981201172,111.1999969482422,3.507999897003174,17.1200008392334,4136.27978515625,12365.2099609375,-0.0085098926654169,0.0085252566098295,4.340328001481884,3.0959176629917096,2.12
2023-05-16,118.94135284423828,113.4000015258789,3.549000024795532,17.989999771118164,4109.89990234375,12343.0498046875,0.025748929090863,0.0197842143706237,5.002841278215813,3.365187486403089,2.11
2023-05-17,120.26502227783205,115.5,3.5810000896453857,16.8700008392334,4158.77001953125,12500.5703125,0.0111287571726814,0.0185185048136162,5.603636120064259,3.8522095772576512,2.16
2023-05-18,122.24554443359376,118.1500015258789,3.6480000019073486,16.049999237060547,4198.0498046875,12688.83984375,0.0164679814483914,0.0229437361547957,6.275399903523262,4.472856689968851,2.16
2023-05-19,122.17588806152344,116.25,3.691999912261963,16.809999465942383,4191.97998046875,12657.900390625,-0.0005698070419912,-0.0160812653520172,6.763243875723048,4.836038956046238,2.19
2023-05-22,124.45498657226562,115.01000213623048,3.7190001010894775,17.209999084472656,4192.6298828125,12720.7802734375,0.018654241412958,-0.0106666482904905,7.332090979584504,5.0248550253298045,2.18
2023-05-23,121.9768295288086,114.98999786376952,3.697999954223633,18.530000686645508,4145.580078125,12560.25,-0.0199120751342339,-0.000173935067293,7.435228241877624,4.97904939002525,2.21
2023-05-24,120.32473754882812,116.75,3.7190001010894775,20.030000686645508,4115.240234375,12484.16015625,-0.0135443099018266,0.0153056976165488,7.311655768863336,5.117678621772373,2.14
2023-05-25,122.89246368408205,115.0,3.813999891281128,19.13999938964844,4151.27978515625,12698.08984375,0.0213399687176705,-0.0149892933618843,7.467060596759714,5.236222064900898,2.12
2023-05-26,124.01708221435548,120.11000061035156,3.809999942779541,17.950000762939453,4205.4501953125,12975.6904296875,0.0091512408211171,0.0444347879161004,7.586347855654907,5.540508091780605,2.13
2023-05-30,123.08155822753906,121.66000366210938,3.700000047683716,17.459999084472656,4205.52001953125,13017.4296875,-0.0075435090885255,0.0129048625749839,7.542505551691408,5.604085607113186,2.12
2023-05-31,122.28536224365234,120.58000183105467,3.63700008392334,17.940000534057617,4179.830078125,12935.2900390625,-0.0064688487483625,-0.0088772135339911,7.22318292494508,5.552790951146002,2.07
2023-06-01,123.13130950927734,122.7699966430664,3.608000040054321,15.649999618530272,4221.02001953125,13100.98046875,0.0069178129753539,0.0181621726551317,6.814759888755144,5.531455460523769,2.07
2023-06-02,124.07678985595705,124.25,3.690999984741211,14.600000381469728,4282.3701171875,13240.76953125,0.0076786347067026,0.0120550899845379,6.19919739449496,5.495354897731483,2.13
2023-06-05,125.4104232788086,125.3000030517578,3.693000078201294,14.729999542236328,4273.7900390625,13229.4296875,0.0107484520223306,0.0084507287867832,5.517857195843373,5.5274271385728335,2.15
2023-06-06,126.70423126220705,126.61000061035156,3.6989998817443848,13.960000038146973,4283.85009765625,13276.419921875,0.0103165905159421,0.0104548884811488,4.93395984230322,5.507704485098441,2.14
2023-06-07,121.91712188720705,121.2300033569336,3.783999919891357,13.9399995803833,4267.52001953125,13104.900390625,-0.0377817640919454,-0.0424926722018995,3.756558370280816,5.029082496744487,2.15
2023-06-08,121.558837890625,124.25,3.71399998664856,13.649999618530272,4293.93017578125,13238.51953125,-0.0029387504481405,0.0249112971990499,2.931034588875713,4.924854490459629,2.14
2023-06-09,121.6484146118164,123.43000030517578,3.744999885559082,13.829999923706056,4298.85986328125,13259.1396484375,0.0007369001114669,-0.0065995951293699,2.606814526967326,4.83399563086577,2.13
2023-06-12,123.05168914794922,126.56999969482422,3.765000104904175,15.010000228881836,4338.93017578125,13461.919921875,0.0115354938295801,0.0254395153681026,2.326693731639484,4.6846983412006455,2.09
2023-06-13,123.24079895019533,126.66000366210938,3.83899998664856,14.609999656677246,4369.009765625,13573.3203125,0.0015368322333122,0.0007111003199982,1.788160611799878,4.488307069761642,2.12
2023-06-14,123.08155822753906,126.41999816894533,3.796000003814697,13.880000114440918,4372.58984375,13626.48046875,-0.0012921104375557,-0.0018948798849266,1.5587135517553656,4.3583285611126685,2.15
2023-06-15,124.49478912353516,127.11000061035156,3.7279999256134033,14.5,4425.83984375,13782.8203125,0.0114820686083896,0.0054580165432698,1.470090648006343,4.3499432876475455,2.16
2023-06-16,122.94222259521484,125.48999786376952,3.7690000534057617,13.539999961853027,4409.58984375,13689.5703125,-0.0124709358459952,-0.012744888197649,1.4572629304899107,4.348299924464218,2.17
2023-06-20,122.51426696777344,125.77999877929688,3.7290000915527344,13.880000114440918,4388.7099609375,13667.2900390625,-0.0034809491678903,0.002310948445805,1.4476161807583587,4.202205246996886,2.14
2023-06-21,119.97639465332033,124.83000183105467,3.723000049591065,13.199999809265137,4365.68994140625,13502.2001953125,-0.0207149124527733,-0.0075528459012718,1.574384267857192,3.839193459441148,2.15
2023-06-22,122.56403350830078,130.14999389648438,3.799000024795532,12.90999984741211,4381.89013671875,13630.6103515625,0.0215678997727646,0.0426178962380356,1.5613628555517212,3.6694906676228025,2.18
2023-06-23,121.75787353515624,129.3300018310547,3.739000082015991,13.4399995803833,4348.330078125,13492.51953125,-0.0065774595537436,-0.0063003619199696,1.4646358759326736,3.4802039097643847,2.16
2023-06-26,117.77690887451172,127.33000183105467,3.7190001010894775,14.25,4328.81982421875,13335.7802734375,-0.0326957472651251,-0.015464315871677,1.87639494110352,2.746553164984956,2.13
2023-06-27,117.76696014404295,129.17999267578125,3.767999887466431,13.739999771118164,4378.41015625,13555.669921875,-8.44709762195528e-05,0.0145291040455743,2.155935302337793,2.6447715136078696,2.12
2023-06-28,119.60816192626952,129.0399932861328,3.7100000381469727,13.43000030517578,4376.85986328125,13591.75,0.0156342812956584,-0.0010837544324669,2.24054301395538,2.6031755681890782,2.12
2023-06-29,118.53329467773438,127.9000015258789,3.8540000915527344,13.539999961853027,4396.43994140625,13591.330078125,-0.0089865710769616,-0.0088344065372515,2.391652533722035,2.328423126530671,2.15
2023-06-30,119.13043975830078,130.36000061035156,3.819000005722046,13.59000015258789,4450.3798828125,13787.919921875,0.0050377835374433,0.0192337690001895,2.4659447513993857,2.361429572900793,2.18
2023-07-03,119.3294906616211,130.22000122070312,3.858000040054321,13.56999969482422,4455.58984375,13816.76953125,0.0016708651770627,-0.0010739443770555,2.4726167664504515,2.430249824259767,2.21
2023-07-05,121.17069244384766,130.3800048828125,3.944999933242798,14.18000030517578,4446.81982421875,13791.650390625,0.0154295620639797,0.001228718020346,2.30966368890534,2.522402526014412,2.2
2023-07-06,119.53849029541016,128.36000061035156,4.040999889373779,15.4399995803833,4411.58984375,13679.0400390625,-0.0134702716929169,-0.0154932059887292,1.9824200544696264,2.5343420539848687,2.22
2023-07-07,118.91149139404295,129.77999877929688,4.050000190734863,14.829999923706056,4398.9501953125,13660.7197265625,-0.0052451632927411,0.0110626220177096,2.029006696310524,2.168897596057462,2.22
2023-07-10,115.8958969116211,127.12999725341795,4.00600004196167,15.06999969482422,4409.52978515625,13685.48046875,-0.0253599921005863,-0.0204191828540967,2.312005284320033,2.023516281338705,2.19
2023-07-11,116.58262634277344,128.77999877929688,3.9800000190734863,14.84000015258789,4439.259765625,13760.7001953125,0.0059253989955831,0.0129788528398204,2.4686677164076425,1.7550584995125385,2.16
2023-07-12,118.36410522460938,130.8000030517578,3.861000061035156,13.539999961853027,4472.16015625,13918.9599609375,0.0152808264637827,0.0156856988011222,2.425142286568428,1.822179884378015,2.18
2023-07-13,123.94741821289062,134.3000030517578,3.760999917984009,13.609999656677246,4510.0400390625,14138.5703125,0.0471706602072163,0.0267584091616193,2.4769953602106254,2.2268635825563314,2.16
2023-07-14,124.82322692871094,134.67999267578125,3.819000005722046,13.34000015258789,4505.419921875,14113.7001953125,0.0070659698156523,0.0028294089008842,2.610842311570137,2.538841660501612,2.15
2023-07-17,124.05689239501952,133.55999755859375,3.796999931335449,13.479999542236328,4522.7900390625,14244.9501953125,-0.0061393584555307,-0.0083159725133316,2.575242405780462,2.6853416866158377,2.16
2023-07-18,123.1711196899414,132.8300018310547,3.7890000343322754,13.300000190734863,4554.97998046875,14353.6396484375,-0.007140052341934,-0.005465676406731,2.5882679049749897,2.6282698522563024,2.13
2023-07-19,121.44935607910156,135.36000061035156,3.742000102996826,13.760000228881836,4565.72021484375,14358.01953125,-0.0139786308281847,0.0190468926027325,2.5503667008472477,2.7399469338952875,2.13
2023-07-20,118.6328125,129.9600067138672,3.8540000915527344,13.989999771118164,4534.8701171875,14063.3095703125,-0.0231910952024076,-0.0398935717504083,2.5746387862871507,2.432129777792141,2.21
2023-07-21,119.44892120361328,130.0,3.836999893188477,13.600000381469728,4536.33984375,14032.8095703125,0.0068792831124464,0.0003077353344622,2.5144718773061787,2.4334042747335194,2.23
2023-07-24,120.95173645019533,128.8000030517578,3.857000112533569,13.90999984741211,4554.64013671875,14058.8701171875,0.0125812374983305,-0.0092307457557091,2.4910748925839434,2.449237904222494,2.28
2023-07-25,121.62850189208984,129.1300048828125,3.911999940872192,13.859999656677246,4567.4599609375,14144.5595703125,0.0055953346496451,0.0025621259567989,2.4625858558834,2.360503492012696,2.26
2023-07-26,128.6549072265625,128.14999389648438,3.8510000705718994,13.1899995803833,4566.75,14127.2802734375,0.0577693980043145,-0.0075893359348782,3.043656030497662,2.40231546970584,2.24
2023-07-27,128.78428649902344,128.25,4.01200008392334,14.40999984741211,4537.41015625,14050.1103515625,0.0010056302961931,0.000780383209354,3.52526886470765,2.433462221538152,2.27
2023-07-28,131.9491424560547,132.2100067138672,3.9690001010894775,13.329999923706056,4582.22998046875,14316.66015625,0.0245748611345939,0.0308772453322978,4.210827629140836,2.387420088199073,2.28
2023-07-31,132.0885009765625,133.67999267578125,3.9590001106262207,13.630000114440918,4588.9599609375,14346.01953125,0.001056153286894,0.0111185680906549,4.73883839348434,2.479686654001592,2.27
2023-08-01,130.92405700683594,131.69000244140625,4.051000118255615,13.93000030517578,4576.72998046875,14283.91015625,-0.0088156346776406,-0.0148862233947109,5.034540768375188,2.482812618422164,2.26
2023-08-02,127.76914978027344,128.2100067138672,4.078000068664551,16.09000015258789,4513.39013671875,13973.4501953125,-0.0240972308580215,-0.0264256637787476,5.12046485260915,2.552770918708285,2.25
2023-08-03,127.83880615234376,128.91000366210938,4.189000129699707,15.920000076293944,4501.89013671875,13959.7197265625,0.0005451736369077,0.0054597684391703,5.129203022450324,2.528138605411667,2.24
2023-08-04,127.50041961669922,139.57000732421875,4.059999942779541,17.100000381469727,4478.02978515625,13909.240234375,-0.002646978220692,0.0826933780100627,5.057989883525118,3.1814678815463773,2.26
2023-08-07,130.90414428710938,142.22000122070312,4.078000068664551,15.770000457763672,4518.43994140625,13994.400390625,0.0266957919090986,0.0189868435725484,4.8672580272928085,3.857904244082357,2.29
2023-08-08,130.77476501464844,139.94000244140625,4.026000022888184,15.989999771118164,4499.3798828125,13884.3203125,-0.0009883512333817,-0.0160314917713907,4.607149493257139,4.155000503040571,2.24
2023-08-09,129.04306030273438,137.85000610351562,4.01200008392334,15.960000038146973,4467.7099609375,13722.01953125,-0.0132418873910428,-0.0149349457012173,4.324410877738153,4.289998961818481,2.23
2023-08-10,129.0729217529297,138.55999755859375,4.079999923706055,15.850000381469728,4468.830078125,13737.990234375,0.000231406866245,0.0051504637188406,4.334689814002828,4.462074708188809,2.25
2023-08-11,128.9435272216797,138.41000366210938,4.168000221252441,14.84000015258789,4464.0498046875,13644.849609375,-0.0010024916883626,-0.0010825194798443,4.350023094343567,4.603856073014314,2.3
2023-08-14,130.70509338378906,140.57000732421875,4.184000015258789,14.81999969482422,4489.72021484375,13788.330078125,0.0136615323007325,0.0156058348743521,4.392881176812782,4.878192079659409,2.29
2023-08-15,129.16249084472656,137.6699981689453,4.2210001945495605,16.459999084472656,4437.85986328125,13631.0498046875,-0.0118021608732029,-0.0206303550129629,4.320885488731935,4.95147978015279,2.24
2023-08-16,128.08761596679688,135.07000732421875,4.257999897003174,16.780000686645508,4404.330078125,13474.6298828125,-0.0083218809957904,-0.0188856750149434,4.096002757725436,4.947578138781258,2.23
2023-08-17,129.3018035888672,133.97999572753906,4.308000087738037,17.889999389648438,4370.35986328125,13316.9296875,0.0094793521833138,-0.0080699751060444,3.514175276108619,4.858119497912275,2.24
2023-08-18,126.853515625,133.22000122070312,4.250999927520752,17.299999237060547,4369.7099609375,13290.7802734375,-0.0189346775985573,-0.0056724476121156,2.878911825345099,4.7660587283993525,2.22
2023-08-21,127.75918579101562,134.67999267578125,4.3420000076293945,17.1299991607666,4399.77001953125,13497.58984375,0.0071394959891606,0.0109592511762508,2.272155770022264,4.586615365345074,2.25
2023-08-22,128.4658203125,134.25,4.328000068664551,16.969999313354492,4387.5498046875,13505.8701171875,0.0055309879842242,-0.0031926989840012,1.5085940744218116,4.404603150389999,2.27
2023-08-23,131.74014282226562,135.52000427246094,4.197999954223633,15.979999542236328,4436.009765625,13721.0302734375,0.0254878885434324,0.0094599945807145,1.6016536822357903,4.112795634813416,2.26
2023-08-24,129.16249084472656,131.83999633789062,4.235000133514404,17.200000762939453,4376.31005859375,13463.9697265625,-0.0195661847810248,-0.0271547212112811,1.5964317247416775,3.863215448762137,2.24
2023-08-25,129.26199340820312,133.25999450683594,4.238999843597412,15.68000030517578,4405.7099609375,13590.650390625,0.0007703673320778,0.0107706174786748,1.479610677787919,3.8244877718994608,2.25
2023-08-28,130.38661193847656,133.13999938964844,4.211999893188477,15.079999923706056,4433.31005859375,13705.1298828125,0.0087003031643024,-0.0009004586682715,1.352324873363948,3.839554702605881,2.21
2023-08-29,133.92970275878906,134.91000366210938,4.122000217437744,14.449999809265137,4497.6298828125,13943.759765625,0.0271737317784153,0.0132943088521491,1.6826638906154274,3.740804100135184,2.18
2023-08-30,135.23345947265625,135.07000732421875,4.118000030517578,13.880000114440918,4514.8701171875,14019.3095703125,0.0097346345658311,0.0011860029483812,2.094822712084952,3.3193650467691485,2.16
2023-08-31,135.52207946777344,138.00999450683594,4.0929999351501465,13.56999969482422,4507.66015625,14034.9697265625,0.0021342350942041,0.0217663953742159,2.4144333288239666,2.903850544194768,2.15
2023-09-01,135.01451110839844,138.1199951171875,4.172999858856201,13.09000015258789,4515.77001953125,14031.8095703125,-0.0037452816645696,0.0007970481467276,2.5698037364934287,2.837541786073781,2.17
2023-09-05,135.1239776611328,137.27000427246094,4.26800012588501,14.010000228881836,4496.830078125,14020.9501953125,0.0008107762035036,-0.0061540028582058,2.772859881771293,2.4899180799660687,2.21
2023-09-06,133.82022094726562,135.36000061035156,4.289999961853027,14.449999809265137,4465.47998046875,13872.4697265625,-0.0096485963219405,-0.0139142099705795,2.860726572437857,2.3197667027932414,2.23
2023-09-07,134.61639404296875,137.85000610351562,4.260000228881836,14.399999618530272,4451.14013671875,13748.830078125,0.0059495724193794,0.018395430569861,2.947678351838249,2.3197667027932414,2.24
2023-09-08,135.7310791015625,138.22999572753906,4.257999897003174,13.84000015258789,4457.490234375,13761.5302734375,0.0082804554862607,0.0027565441218631,3.0787876970286576,2.30048006049302,2.26
2023-09-11,136.26849365234375,143.10000610351562,4.288000106811523,13.800000190734863,4487.4599609375,13917.8896484375,0.0039594067500128,0.0352312126636804,3.199367131647749,2.769461772615766,2.26
2023-09-12,134.69602966308594,141.22999572753906,4.263999938964844,14.229999542236328,4461.89990234375,13773.6103515625,-0.0115394538173261,-0.0130678567170977,3.251042742548805,2.829363341401673,2.27
2023-09-13,136.0595245361328,144.85000610351562,4.249000072479248,13.479999542236328,4467.43994140625,13813.58984375,0.0101227547423436,0.0256320221304848,3.298893041047282,3.431883703639032,2.28
2023-09-14,137.44290161132812,144.72000122070312,4.288000106811523,12.81999969482422,4505.10009765625,13926.0498046875,0.0101674401693792,-0.0008975138235036,3.325598107905213,3.877395382840513,2.27
2023-09-15,136.7462158203125,140.38999938964844,4.322000026702881,13.789999961853027,4450.31982421875,13708.330078125,-0.0050689106737994,-0.0299198576183763,3.327765522177072,3.885587112509569,2.27
2023-09-18,137.55238342285156,139.97999572753906,4.318999767303467,14.0,4453.52978515625,13710.240234375,0.005895355843692,-0.0029204620264398,3.107933473928995,3.809762696826904,2.29
2023-09-19,137.38316345214844,137.6300048828125,4.364999771118164,14.109999656677246,4443.9501953125,13678.1904296875,-0.0012302220179124,-0.0167880476957625,2.871401300631154,3.747811809742259,2.3
2023-09-20,133.1036376953125,135.2899932861328,4.348999977111816,15.140000343322754,4402.2001953125,13469.1298828125,-0.0311502927236533,-0.0170021907553671,2.552880567143502,3.7038486830400617,2.27
2023-09-21,129.8193359375,129.3300018310547,4.480000019073486,17.540000915527344,4330.0,13223.98046875,-0.0246747708378233,-0.0440534536983306,2.692119683656974,4.136714440050366,2.29
2023-09-22,129.6302490234375,129.1199951171875,4.438000202178955,17.200000762939453,4320.06005859375,13211.8095703125,-0.0014565389099936,-0.0016238050792075,2.646381856545371,4.36999579252789,2.29
2023-09-25,130.48614501953125,131.27000427246094,4.541999816894531,16.899999618530273,4337.43994140625,13271.3203125,0.006602594707189,0.0166512487343428,2.5338568157262005,4.488891210074689,2.25
2023-09-26,127.958251953125,125.9800033569336,4.558000087738037,18.940000534057617,4273.52978515625,13063.6103515625,-0.0193728848838922,-0.0402986268252687,2.7835951561223657,5.079976747050021,2.2
2023-09-27,129.9188690185547,125.9800033569336,4.625999927520752,18.21999931335449,4274.509765625,13092.849609375,0.0153223182991584,0.0,2.951607402545116,5.625866717075825,2.23
2023-09-28,131.68045043945312,125.9800033569336,4.5970001220703125,17.34000015258789,4299.7001953125,13201.2802734375,0.013559088331094,0.0,2.986911189927606,6.090295231092176,2.27
2023-09-29,130.2373504638672,127.12000274658205,4.572999954223633,17.520000457763672,4288.0498046875,13219.3203125,-0.0109591057045288,0.0090490503196647,3.07110360960328,6.379611118878384,2.22
2023-10-02,133.53160095214844,129.4600067138672,4.683000087738037,17.610000610351562,4288.39013671875,13307.76953125,0.0252942068964709,0.0184078344613478,3.0546507281959827,6.481217861140991,2.23
2023-10-03,131.7998809814453,124.72000122070312,4.802000045776367,19.780000686645508,4229.4501953125,13059.4697265625,-0.0129686153566277,-0.0366136663629288,3.0572431142154164,6.847756369250404,2.21
2023-10-04,134.5965118408203,127.0,4.735000133514404,18.57999992370605,4263.75,13236.009765625,0.0212187661972829,0.0182809393600167,3.067447646991485,7.0372870045493885,2.18
2023-10-05,134.42730712890625,125.95999908447266,4.7170000076293945,18.489999771118164,4258.18994140625,13219.830078125,-0.0012571255346808,-0.0081889835868295,3.063994812803485,7.192026704869305,2.14
2023-10-06,136.9253692626953,127.95999908447266,4.783999919891357,17.450000762939453,4308.5,13431.33984375,0.0185829961720025,0.0158780566412892,3.121811948971437,7.193173020648401,2.17
2023-10-10,137.40309143066406,129.47999572753906,4.65500020980835,17.030000686645508,4358.240234375,13562.83984375,-0.002600702743553,0.0095119388192248,3.312449464443158,6.509369376831171,2.18
2023-10-11,139.88125610351562,131.8300018310547,4.59499979019165,16.09000015258789,4376.9501953125,13659.6796875,0.0180357271954254,0.0181495688991268,3.555627256494632,5.708263129643237,2.2
2023-10-12,138.3087615966797,132.3300018310547,4.711999893188477,16.690000534057617,4349.60986328125,13574.2197265625,-0.011241638448487,0.0037927633547389,3.605770619696791,4.711737341843265,2.23
2023-10-13,136.70640563964844,129.7899932861328,4.629000186920166,19.31999969482422,4327.77978515625,13407.23046875,-0.0115853539467286,-0.0191945024542862,3.604160792143071,4.063037019944056,2.26
2023-10-16,138.43814086914062,132.5500030517578,4.711999893188477,17.209999084472656,4373.6298828125,13567.98046875,0.0126675500053521,0.021265196921155,3.655757339222708,3.3536335590921995,2.3
2023-10-17,139.05519104003906,131.47000122070312,4.8470001220703125,17.8799991607666,4373.2001953125,13533.75,0.0044572266502893,-0.008147882355257,3.754972335255944,2.788638512018683,2.32
2023-10-18,137.30355834960938,128.1300048828125,4.90399980545044,19.21999931335449,4314.60009765625,13314.2998046875,-0.0125966724242989,-0.0254050072783041,3.8142637651159927,2.373242030892354,2.35
2023-10-19,137.0945587158203,128.39999389648438,4.98799991607666,21.399999618530277,4278.0,13186.1796875,-0.0015221720128832,0.0021071490157111,3.7106216984633913,2.369067037488994,2.52
2023-10-20,134.95480346679688,125.16999816894533,4.923999786376953,21.709999084472656,4224.16015625,12983.8095703125,-0.0156078787449097,-0.0251557311610394,3.516922794990186,2.4885373099045687,2.47
2023-10-23,135.8505096435547,126.55999755859376,4.8379998207092285,20.3700008392334,4217.0400390625,13018.330078125,0.006637082591715,0.0111048926258856,3.361838354396212,2.4289770777142423,2.41
2023-10-24,138.14950561523438,128.55999755859375,4.840000152587891,18.96999931335449,4247.68017578125,13139.8701171875,0.0169229837835118,0.0158027815943506,2.9555543077511466,2.37235744062534,2.38
2023-10-25,125.01232147216795,121.38999938964844,4.953000068664551,20.190000534057617,4186.77001953125,12821.2197265625,-0.095093964213345,-0.0557716109606912,3.5952016766027857,2.7963484060034207,2.4
2023-10-26,121.69816589355467,119.56999969482422,4.84499979019165,20.68000030517578,4137.22998046875,12595.6103515625,-0.0265106314288477,-0.0149929953371382,4.677059905575684,3.362805476272589,2.37
2023-10-27,121.58869171142578,127.73999786376952,4.84499979019165,21.270000457763672,4117.3701171875,12643.009765625,-0.000899554905574,0.0683281608246,5.4691274810280985,3.3592035196044745,2.39
2023-10-30,123.8677978515625,132.7100067138672,4.875,19.75,4166.81982421875,12789.48046875,0.0187443923284071,0.0389072250916897,5.965792181487049,3.5177586347925334,2.4
2023-10-31,123.48960876464844,133.08999633789062,4.875,18.13999938964844,4193.7998046875,12851.240234375,-0.0030531671142427,0.002863308000901,6.40346007757186,3.6063998033385714,2.4
2023-11-01,125.84832000732422,137.0,4.789000034332275,16.8700008392334,4237.85986328125,13061.4697265625,0.0191004835651484,0.0293786442985737,6.62848477606133,4.0663334680833625,2.36
2023-11-02,126.88337707519533,138.07000732421875,4.669000148773193,15.65999984741211,4317.77978515625,13294.1904296875,0.0082246395328189,0.007810272439553,6.7674523395534765,4.485882391513483,2.35
2023-11-03,128.48573303222656,138.60000610351562,4.558000087738037,14.90999984741211,4358.33984375,13478.2802734375,0.0126285727411057,0.0038386235328597,6.760524022978156,4.904637264598555,2.32
2023-11-06,129.6302490234375,139.74000549316406,4.662000179290772,14.890000343322754,4365.97998046875,13518.7802734375,0.0089077282294358,0.0082251034592091,6.664250978403648,5.338543194055778,2.35
2023-11-07,130.34681701660156,142.7100067138672,4.571000099182129,14.8100004196167,4378.3798828125,13639.8603515625,0.0055277838202294,0.0212537648772914,6.547943474948746,5.973224766320263,2.32
2023-11-08,131.21267700195312,142.0800018310547,4.5229997634887695,14.449999809265137,4382.77978515625,13650.41015625,0.0066427397704793,-0.0044145809906355,6.253268750556797,6.444859278253685,2.29
2023-11-09,129.6202850341797,140.60000610351562,4.630000114440918,15.289999961853027,4347.35009765625,13521.4501953125,-0.0121359612817726,-0.0104166364616106,6.030996961967233,6.740329262060149,2.3
2023-11-10,131.95912170410156,143.55999755859375,4.627999782562256,14.170000076293944,4415.240234375,13798.1103515625,0.0180437550288146,0.0210525698903516,5.876153015861275,7.171089075471341,2.28
2023-11-13,131.4614715576172,142.58999633789062,4.631999969482422,14.760000228881836,4411.5498046875,13767.740234375,-0.0037712447616943,-0.0067567653747501,5.581324233712066,7.490697677318618,2.29
2023-11-14,132.9842071533203,145.8000030517578,4.440999984741211,14.15999984741211,4495.7001953125,14094.3798828125,0.0115831321349215,0.0225121452858483,5.22680934413876,7.967832582685614,2.23
2023-11-15,133.9794464111328,143.1999969482422,4.534999847412109,14.18000030517578,4502.8798828125,14103.83984375,0.0074838905996188,-0.0178326889512659,5.027096811591762,8.084908328704559,2.24
2023-11-16,136.27845764160156,142.8300018310547,4.445000171661377,14.31999969482422,4508.240234375,14113.669921875,0.0171594322267458,-0.0025837648398919,4.966918206399446,8.122138893100335,2.2
2023-11-17,134.66615295410156,145.17999267578125,4.440999984741211,13.800000190734863,4514.02001953125,14125.48046875,-0.0118309578447108,0.0164530617839397,4.951133003470376,8.00409558261371,2.23
2023-11-20,135.60169982910156,146.1300048828125,4.421999931335449,13.40999984741211,4547.3798828125,14284.5302734375,0.0069471567612009,0.0065436854591447,4.935021353441541,7.910477287446702,2.26
2023-11-21,136.31826782226562,143.89999389648438,4.418000221252441,13.350000381469728,4538.18994140625,14199.98046875,0.0052843584856765,-0.0152604592610289,4.783456194941376,7.733875362052006,2.19
2023-11-22,137.83103942871094,146.7100067138672,4.415999889373779,12.850000381469728,4556.6201171875,14265.8603515625,0.0110973505650591,0.0195275395175082,4.997908903231165,6.83615756584753,2.21
2023-11-24,136.0395965576172,146.74000549316406,4.4720001220703125,12.460000038146973,4559.33984375,14250.849609375,-0.0129973834523704,0.0002044767086364,4.737837102059386,5.13661989171349,2.21
2023-11-27,135.7609405517578,147.72999572753906,4.388999938964844,12.6899995803833,4550.43017578125,14241.01953125,-0.0020483448415796,0.0067465598835698,4.311848608465683,4.30933204925596,2.12
2023-11-28,136.5471649169922,147.02999877929688,4.335999965667725,12.6899995803833,4554.89013671875,14281.759765625,0.0057912412954639,-0.0047383535401517,4.0364233919847,3.859746576514141,2.15
2023-11-29,134.34768676757812,146.32000732421875,4.270999908447266,12.979999542236328,4550.580078125,14258.490234375,-0.0161078272899414,-0.0048288883967405,3.48970381691095,3.211780547803804,2.14
2023-11-30,131.89938354492188,146.08999633789062,4.352000236511231,12.920000076293944,4567.7998046875,14226.2197265625,-0.0182236351184209,-0.0015719722171586,3.0963177551826746,2.8972320539872336,2.15
2023-12-01,131.2325897216797,147.02999877929688,4.22599983215332,12.630000114440918,4594.6298828125,14305.0302734375,-0.0050553217560345,0.0064344066326904,2.773133545454595,2.64993081737425,2.12
2023-12-04,128.6549072265625,144.83999633789062,4.288000106811523,13.079999923706056,4569.77978515625,14185.490234375,-0.0196420911953653,-0.0148949361326841,2.757859381280904,2.296079377306961,2.13
2023-12-05,130.36672973632812,146.8800048828125,4.171000003814697,12.850000381469728,4567.18017578125,14229.91015625,0.0133055360783953,0.0140845663939594,2.7105296820248594,2.052561640868344,2.09
2023-12-06,129.40135192871094,144.52000427246094,4.120999813079834,12.970000267028809,4549.33984375,14146.7099609375,-0.0074050933821052,-0.0160675417476632,2.7732817545244477,1.9899847378623767,2.05
2023-12-07,136.27845764160156,146.8800048828125,4.129000186920166,13.0600004196167,4585.58984375,14339.990234375,0.0531455476344584,0.016329923474831,2.802999013488061,1.908595086158121,2.06
2023-12-08,134.34768676757812,147.4199981689453,4.244999885559082,12.350000381469728,4604.3701171875,14403.9697265625,-0.0141678362628755,0.0036764247561378,2.6482094877165383,1.6266347888869357,2.11
2023-12-11,132.65576171875,145.88999938964844,4.238999843597412,12.630000114440918,4622.43994140625,14432.490234375,-0.0125936299279582,-0.0103785022269737,2.627250708799094,1.5571292280850038,2.11
2023-12-12,131.8894500732422,147.47999572753906,4.205999851226807,12.06999969482422,4643.7001953125,14533.400390625,-0.005776693266686,0.0108985971933825,2.608597727004063,1.4236875994473557,2.08
2023-12-13,131.939208984375,148.83999633789062,4.0329999923706055,12.1899995803833,4707.08984375,14733.9599609375,0.0003772774176038,0.0092215937737352,2.637245833559983,1.564405737200292,2.08
2023-12-14,131.31219482421875,147.4199981689453,3.930000066757202,12.479999542236328,4719.5498046875,14761.5595703125,-0.0047522958867405,-0.0095404340492033,2.694605771418351,1.4344230116984806,2.18
2023-12-15,131.9690704345703,149.97000122070312,3.927999973297119,12.279999732971191,4719.18994140625,14813.919921875,0.0050023960929972,0.0172975382134754,2.6467875083869727,1.4155679502226055,2.17
2023-12-18,135.15383911132812,154.07000732421875,3.953999996185303,12.5600004196167,4740.56005859375,14904.8095703125,0.0241326900785954,0.0273388415692672,2.660762178074945,2.140053970642461,2.18
2023-12-19,135.99978637695312,153.7899932861328,3.921999931335449,12.529999732971191,4768.3701171875,15003.2197265625,0.0062591434411876,-0.0018174467759756,2.678917204014819,2.595364147697613,2.17
2023-12-20,137.68174743652344,152.1199951171875,3.877000093460083,13.670000076293944,4698.35009765625,14777.9404296875,0.0123673801582921,-0.0108589520895433,2.7702769971800625,2.649311465708835,2.16
2023-12-21,139.75184631347656,153.83999633789062,3.8940000534057617,13.649999618530272,4746.75,14963.8701171875,0.0150353907870577,0.0113068713904316,2.953197263203065,2.945538956944404,2.18
2023-12-22,140.81675720214844,153.4199981689453,3.901000022888184,13.029999732971191,4754.6298828125,14992.9697265625,0.0076200130213892,-0.0027300973670256,3.3254021755917287,3.1383223958314708,2.16
2023-12-26,140.84661865234375,153.41000366210938,3.885999917984009,12.989999771118164,4774.75,15074.5703125,0.0002120589252914,-6.514474615582078e-05,3.6534306947140935,3.3097698520095573,2.17
2023-12-27,139.70208740234375,153.33999633789062,3.7890000343322754,12.43000030517578,4781.580078125,15099.1796875,-0.008126082549593,-0.0004563413242133,3.82619818358089,3.4245995212138083,2.12
2023-12-28,139.56275939941406,153.3800048828125,3.849999904632568,12.470000267028809,4783.35009765625,15095.1396484375,-0.0009973222699846,0.0002609139551152,4.002378732791718,3.47789444742757,2.11
2023-12-29,139.02532958984375,151.94000244140625,3.865999937057495,12.449999809265137,4769.830078125,15011.349609375,-0.0038508110034729,-0.0093884626128839,4.068467583480382,3.4187182887192686,2.12
2024-01-02,137.51255798339844,149.92999267578125,3.946000099182129,13.199999809265137,4742.830078125,14765.9404296875,-0.0108812661038699,-0.013228970207501,4.0100559555347415,3.35488139762055,2.17
2024-01-03,138.2589874267578,148.47000122070312,3.9070000648498535,14.039999961853027,4704.81005859375,14592.2099609375,0.0054280820188763,-0.0097378211592079,3.745902296824772,3.155036328244723,2.17
2024-01-04,135.74102783203125,144.57000732421875,3.990999937057495,14.130000114440918,4688.68017578125,14510.2998046875,-0.018211905363913,-0.0262678915903487,3.5278132779885976,3.319081871354116,2.18
2024-01-05,135.0841827392578,145.24000549316406,4.041999816894531,13.350000381469728,4697.240234375,14524.0703125,-0.0048389577069228,0.00463442024626,3.180805232382385,3.2594854250320324,2.19
2024-01-08,138.1793670654297,149.10000610351562,4.001999855041504,13.079999923706056,4763.5400390625,14843.76953125,0.0229130033095454,0.0265767038306345,3.209142081293044,3.181977363779717,2.19
2024-01-09,140.2793426513672,151.3699951171875,4.019000053405762,12.760000228881836,4756.5,14857.7099609375,0.0151974613181078,0.0152246071143409,3.285448728458026,3.1235706091685564,2.17
2024-01-10,141.60299682617188,153.72999572753906,4.03000020980835,12.6899995803833,4783.4501953125,14969.650390625,0.0094358452911653,0.0155909406519072,3.319329828495546,3.0207536990039263,2.18
2024-01-11,141.40396118164062,155.17999267578125,3.9769999980926514,12.4399995803833,4780.240234375,14970.1904296875,-0.0014055892106265,0.009432101662268,3.2109587508764474,3.0694626700790297,2.18
2024-01-12,141.9712371826172,154.6199951171875,3.950000047683716,12.699999809265137,4783.830078125,14972.759765625,0.0040117405215251,-0.0036086969005325,3.0616717252765944,3.1116894758674785,2.22
2024-01-16,141.81201171875,153.16000366210938,4.065999984741211,13.84000015258789,4765.97998046875,14944.349609375,-0.0011215332557986,-0.0094424492380276,2.7188114693639958,2.9829083106861773,2.24
2024-01-17,140.796875,151.7100067138672,4.105999946594238,14.789999961853027,4739.2099609375,14855.6201171875,-0.0071583267626389,-0.0094672036665724,2.2605712509140896,2.954032230130582,2.24
2024-01-18,142.79730224609375,153.5,4.144000053405762,14.130000114440918,4780.93994140625,15055.650390625,0.0142078952114081,0.0117987819320899,2.21114906987838,2.9338574705964606,2.28
2024-01-19,145.6835174560547,155.33999633789062,4.145999908447266,13.300000190734863,4839.81005859375,15310.9697265625,0.0202119729474083,0.0119869468266489,2.4636963763132886,3.008952869992751,2.3
2024-01-22,145.2953643798828,154.77999877929688,4.093999862670898,13.1899995803833,4850.43017578125,15360.2900390625,-0.002664358212582,-0.0036049798622092,2.6776704898442243,3.078635598130948,2.27
2024-01-23,146.34034729003906,156.02000427246094,4.142000198364258,12.550000190734863,4864.60009765625,15425.9404296875,0.0071921283560298,0.0080114065314873,2.992636473862062,3.18394518693917,2.26
2024-01-24,147.99244689941406,156.8699951171875,4.177999973297119,13.140000343322754,4868.5498046875,15481.919921875,0.0112894334335602,0.005447960655367,3.415729771136705,3.347862744528737,2.23
2024-01-25,151.14736938476562,157.75,4.131999969482422,13.449999809265137,4894.16015625,15510.5,0.0213181317793593,0.005609771850602,4.100271696153222,3.558767423475826,2.24
2024-01-26,151.46585083007812,159.1199951171875,4.159999847412109,13.260000228881836,4890.97021484375,15455.3603515625,0.0021070922147627,0.0086845966224247,4.6361071396743325,3.853091773757458,2.26
2024-01-29,152.77955627441406,161.25999450683594,4.091000080108643,13.600000381469728,4927.93017578125,15628.0400390625,0.0086732780830558,0.0134489659082277,5.167305019285659,4.294327705636027,2.26
2024-01-30,150.7393341064453,159.0,4.059000015258789,13.3100004196167,4924.97021484375,15509.900390625,-0.0133540260079314,-0.0140146011647056,5.381334552934368,4.473218754018135,2.25
2024-01-31,139.43338012695312,155.1999969482422,3.9670000076293945,14.350000381469728,4845.64990234375,15164.009765625,-0.0750033429994352,-0.0238993902626277,5.288112414465855,4.40431003959474,2.24
2024-02-01,140.48834228515625,159.27999877929688,3.86299991607666,13.880000114440918,4906.18994140625,15361.6396484375,0.0075660660111847,0.0262886721087716,5.195840553525751,4.379080108879992,2.17
2024-02-02,141.70252990722656,171.80999755859375,4.0329999923706055,13.850000381469728,4958.60986328125,15628.9501953125,0.0086426218881978,0.0786664921856183,4.885932482559529,5.316299400828566,2.19
2024-02-05,142.996337890625,170.30999755859375,4.164000034332275,13.670000076293944,4942.81005859375,15597.6796875,0.0091304508412481,-0.008730574595861,4.438688589270578,5.66388763945005,2.26
2024-02-06,143.4143524169922,169.14999389648438,4.090000152587891,13.0600004196167,4954.22998046875,15609.0,0.0029232533681171,-0.006811130754143,4.210644903002337,5.966616325447063,2.24
2024-02-07,144.84750366210938,170.52999877929688,4.110000133514404,12.829999923706056,4995.06005859375,15756.6396484375,0.0099930810338295,0.008158468416245,4.091450706910836,6.377212044590629,2.26
2024-02-08,145.2157440185547,169.83999633789062,4.170000076293945,12.789999961853027,4997.91015625,15793.7099609375,0.0025422623596214,-0.0040462232237464,4.025083503507218,6.69709421438715,2.28
2024-02-09,148.29104614257812,174.4499969482422,4.186999797821045,12.93000030517578,5026.60986328125,15990.66015625,0.0211774704238025,0.027143197772921,4.003335798798451,7.362447750427654,2.28
2024-02-12,146.82801818847656,172.33999633789062,4.171999931335449,13.93000030517578,5021.83984375,15942.5498046875,-0.0098659224016458,-0.0120951599155234,3.940114091105389,7.654588900258554,2.27
2024-02-13,144.4493865966797,168.63999938964844,4.315999984741211,15.850000381469728,4953.169921875,15655.599609375,-0.0162001205297447,-0.0214691715612431,3.853245347723734,7.54113743714246,2.33
2024-02-14,145.24560546875,170.97999572753906,4.267000198364258,14.380000114440918,5000.6201171875,15859.150390625,0.0055120959031376,0.0138756899096279,3.683927111153205,7.339151818301761,2.34
2024-02-15,142.09068298339844,169.8000030517578,4.239999771118164,14.010000228881836,5029.72998046875,15906.169921875,-0.0217212939088222,-0.0069013493114223,3.7180529040418064,7.093541729430627,2.35
2024-02-16,139.85137939453125,169.50999450683594,4.295000076293945,14.239999771118164,5005.56982421875,15775.650390625,-0.0157596792544717,-0.0017079419299743,3.95092786485693,6.874335789143816,2.38
2024-02-20,140.44851684570312,167.0800018310547,4.275000095367432,15.420000076293944,4975.509765625,15630.7802734375,0.0042698002247607,-0.0143353946936931,4.111509361402059,6.465779129546897,2.37
2024-02-21,141.87171936035156,168.58999633789062,4.324999809265137,15.34000015258789,4981.7998046875,15580.8701171875,0.010133268379131,0.0090375538082816,4.172303646972609,6.101896565686198,2.39
2024-02-22,143.40438842773438,174.5800018310547,4.327000141143799,14.539999961853027,5087.02978515625,16041.6201171875,0.0108032035862613,0.0355300173395745,4.128775761575167,5.97949477457129,2.37
2024-02-23,143.2750244140625,174.99000549316406,4.260000228881836,13.75,5088.7998046875,15996.8203125,-0.0009020924330852,0.002348514479374,3.862004638807052,5.822345308678982,2.34
2024-02-26,136.91542053222656,174.72999572753906,4.298999786376953,13.739999771118164,5069.52978515625,15976.25,-0.0443873864816577,-0.0014858549486425,3.839639451049042,5.6376326871547136,2.36
2024-02-27,138.21917724609375,173.5399932861328,4.315000057220459,13.43000030517578,5078.18017578125,16035.2998046875,0.0095223511624851,-0.0068105217793391,3.3836632738625307,5.461719248042885,2.38
2024-02-28,135.7310791015625,173.16000366210938,4.27400016784668,13.84000015258789,5069.759765625,15947.740234375,-0.0180011066054986,-0.0021896371944472,3.2347090405545256,4.962480097329214,2.38
2024-02-29,137.8011932373047,176.75999450683594,4.251999855041504,13.399999618530272,5096.27001953125,16091.919921875,0.0152515853365697,0.0207899674785829,3.3283715044269484,3.801151096782637,2.4
2024-03-01,136.48745727539062,178.22000122070312,4.179999828338623,13.109999656677246,5137.080078125,16274.9404296875,-0.0095335601314547,0.0082598255218362,3.546836969300176,3.0019953079648496,2.4
2024-03-04,132.7154998779297,177.5800018310547,4.218999862670898,13.489999771118164,5130.9501953125,16207.509765625,-0.0276359269397938,-0.0035910637709842,4.105677759272013,3.2544258447020677,2.42
2024-03-05,132.0387420654297,174.1199951171875,4.13700008392334,14.460000038146973,5078.64990234375,15939.58984375,-0.0050993125378909,-0.0194842137526215,4.597809553026385,3.247069644342647,2.39
2024-03-06,130.77476501464844,173.50999450683594,4.104000091552734,14.5,5104.759765625,16031.5400390625,-0.0095727741040951,-0.0035033346396604,5.085122880853081,3.160509677097904,2.38
2024-03-07,133.7406005859375,176.82000732421875,4.0920000076293945,14.4399995803833,5157.35986328125,16273.3798828125,0.0226789592851255,0.0190767847511654,5.17100591347462,3.2503880226093704,2.34
2024-03-08,134.7657012939453,175.35000610351562,4.089000225067139,14.739999771118164,5123.68994140625,16085.1103515625,0.0076648430133907,-0.0083135457516847,5.119460759154642,3.2050379203335724,2.34
2024-03-11,137.0149383544922,171.9600067138672,4.104000091552734,15.220000267028809,5117.93994140625,16019.26953125,0.0166899814934433,-0.0193327588916489,4.672453332322562,3.2038211332520365,2.32
2024-03-12,137.8409881591797,175.38999938964844,4.15500020980835,13.84000015258789,5175.27001953125,16265.6396484375,0.0060289032320717,0.0199464558145114,4.262086618355663,3.237502241633302,2.35
2024-03-13,139.1248321533203,176.55999755859375,4.191999912261963,13.75,5165.31005859375,16177.76953125,0.0093139494375797,0.0066708374081581,4.012404965606839,3.124345288705299,2.37
2024-03-14,142.41909790039062,178.75,4.297999858856201,14.399999618530272,5150.47998046875,16128.5302734375,0.0236784885637089,0.0124037294499819,3.785965118539505,3.2537659012679447,2.37
2024-03-15,140.50823974609375,174.4199981689453,4.303999900817871,14.40999984741211,5117.08984375,15973.169921875,-0.0134171482790415,-0.0242237864674388,3.707890317166632,3.096348147037962,2.39
2024-03-18,146.97731018066406,174.47999572753906,4.340000152587891,14.329999923706056,5149.419921875,16103.4501953125,0.0460405058540358,0.0003439832543492,4.226766758454282,2.885555021039627,2.39
2024-03-19,146.3303985595703,175.89999389648438,4.296999931335449,13.81999969482422,5178.509765625,16166.7900390625,-0.0044014387002903,0.0081384582973209,4.587716763902656,2.3021242888956954,2.38
2024-03-20,148.03225708007812,178.14999389648438,4.2729997634887695,13.039999961853027,5224.6201171875,16369.41015625,0.0116302459178705,0.0127913591703936,5.01971083234825,1.8570553440290667,2.4
2024-03-21,146.897705078125,178.14999389648438,4.270999908447266,12.920000076293944,5241.52978515625,16401.83984375,-0.0076642214631598,0.0,5.247417732475195,1.938949519068984,2.43
2024-03-22,150.0526123046875,178.8699951171875,4.2179999351501465,13.0600004196167,5234.18017578125,16428.8203125,0.0214768993490035,0.0040415450203241,5.741720070452669,2.0620573195369967,2.41
2024-03-25,149.35594177246094,179.7100067138672,4.252999782562256,13.1899995803833,5218.18994140625,16384.470703125,-0.0046428417441473,0.0046962130016794,6.13910008693907,2.2181500225532025,2.41
2024-03-26,149.9530792236328,178.3000030517578,4.234000205993652,13.239999771118164,5203.580078125,16315.7001953125,0.0039980829961328,-0.007845994154095,6.524496531709273,2.187556989780076,2.38
2024-03-27,150.15211486816406,179.8300018310547,4.196000099182129,12.779999732971191,5248.490234375,16399.51953125,0.0013273194892811,0.0085810361924263,6.770320516503219,2.190804778807362,2.37
2024-03-28,150.2118377685547,180.3800048828125,4.205999851226807,13.010000228881836,5254.35009765625,16379.4599609375,0.000397749312043,0.0030584610251771,7.011754263102408,2.3452083838897457,2.38
2024-04-01,154.75015258789062,180.97000122070312,4.328999996185303,13.649999618530272,5243.77001953125,16396.830078125,0.0302127640987159,0.0032708522115514,7.4623363085340895,2.5065249320688348,2.41
2024-04-02,153.82455444335938,180.69000244140625,4.364999771118164,14.609999656677246,5205.81005859375,16240.4501953125,-0.0059812422091509,-0.0015472110151306,7.471183560435842,2.639932108060796,2.44
2024-04-03,154.18284606933594,182.41000366210935,4.355000019073486,14.329999923706056,5211.490234375,16277.4599609375,0.0023292225826565,0.0095190724304787,7.284605980315386,2.7913220658767828,2.43
2024-04-04,149.81375122070312,180.0,4.309000015258789,16.350000381469727,5147.2099609375,16049.080078125,-0.0283371007866077,-0.0132120147674225,6.556708256221564,2.6741702298120456,2.42
2024-04-05,151.7743682861328,185.07000732421875,4.377999782562256,16.030000686645508,5204.33984375,16248.51953125,0.0130870300586849,0.0281667073567708,6.030244862033646,3.1074001506133118,2.45
2024-04-08,154.1132049560547,185.19000244140625,4.423999786376953,15.1899995803833,5202.39013671875,16253.9599609375,0.0154099581921012,0.0006483768975988,5.547680667050595,3.387598123096901,2.47
2024-04-09,155.85487365722656,185.6699981689453,4.366000175476074,14.979999542236328,5209.91015625,16306.6396484375,0.0113012295193557,0.0025919095048931,5.2345238549758975,3.325958363283972,2.44
2024-04-10,155.3970489501953,185.9499969482422,4.559999942779541,15.800000190734863,5160.64013671875,16170.3603515625,-0.0029375065167236,0.0015080453603608,4.786706319545607,3.4829269316918454,2.49
2024-04-11,158.65150451660156,189.0500030517578,4.576000213623047,14.90999984741211,5199.06005859375,16442.19921875,0.0209428402173152,0.0166711812551332,4.547495312565448,3.929916973217945,2.48
2024-04-12,156.97947692871094,186.1300048828125,4.499000072479248,17.309999465942383,5123.41015625,16175.08984375,-0.0105389961033471,-0.0154456393642368,4.353369998409136,4.090555293273951,2.47
2024-04-15,154.12315368652344,183.6199951171875,4.627999782562256,19.229999542236328,5061.81982421875,15885.01953125,-0.0181955201920098,-0.013485250630092,3.59313521441166,3.824311122821075,2.52
2024-04-16,153.66531372070312,183.32000732421875,4.658999919891357,18.399999618530277,5051.41015625,15865.25,-0.0029706111954569,-0.0016337425168609,3.420766349345409,3.4740750384386625,2.52
2024-04-17,154.73023986816406,181.27999877929688,4.585000038146973,18.209999084472656,5022.2099609375,15683.3701171875,0.0069301660971876,-0.0111281282097808,3.167728967454405,3.183809101497117,2.47
2024-04-18,155.2676544189453,179.22000122070312,4.646999835968018,18.0,5011.1201171875,15601.5,0.0034732354272775,-0.0113636229725582,3.025477884245649,3.1216694564010954,2.44
2024-04-19,153.35679626464844,174.6300048828125,4.614999771118164,18.709999084472656,4967.22998046875,15282.009765625,-0.0123068655957213,-0.0256109603092693,2.664391609054234,3.444045007805062,2.44
2024-04-22,155.53639221191406,177.22999572753906,4.623000144958496,16.940000534057617,5010.60009765625,15451.3095703125,0.0142125813811622,0.014888568814227,2.5926774811321205,3.541012128440279,2.45
2024-04-23,157.5069580078125,179.5399932861328,4.5980000495910645,15.6899995803833,5070.5498046875,15696.6396484375,0.0126694837643759,0.0130338972763108,2.532910364771469,3.546827629220729,2.44
2024-04-24,158.3728485107422,176.58999633789062,4.651999950408936,15.970000267028809,5071.6298828125,15712.75,0.0054974746124341,-0.0164308625295578,2.525938174705924,3.657665188003009,2.42
2024-04-25,155.25772094726562,173.6699981689453,4.705999851226807,15.369999885559082,5048.419921875,15611.759765625,-0.01966958094629,-0.0165354676340676,2.3224234285939445,4.071627535491847,2.43
2024-04-26,171.1318359375,179.6199951171875,4.669000148773193,15.029999732971191,5099.9599609375,15927.900390625,0.1022436429787998,0.0342603616685368,4.178738028208309,4.0864498510912375,2.44
2024-04-29,165.3594207763672,180.9600067138672,4.613999843597412,14.670000076293944,5116.169921875,15983.080078125,-0.0337308083531634,0.0074602585074419,4.691768510631558,4.086517720126114,2.43
2024-04-30,162.00546264648438,175.0,4.685999870300293,15.649999618530272,5035.68994140625,15657.8203125,-0.0202828367088847,-0.0329354912286841,4.824385336395796,4.335756951982027,2.43
2024-05-01,163.08030700683594,179.0,4.59499979019165,15.390000343322754,5018.39013671875,15605.48046875,0.0066346180109801,0.0228571428571429,4.991840645441898,4.352994230546989,2.39
2024-05-02,165.82717895507812,184.72000122070312,4.571000099182129,14.68000030517578,5064.2001953125,15840.9599609375,0.0168436765827713,0.0319553140821404,5.045782097186371,4.421227636582221,2.37
2024-05-03,166.44422912597656,186.2100067138672,4.5,13.489999771118164,5127.7900390625,16156.330078125,0.0037210436478907,0.0080662921357597,5.173163323581494,4.479718109387366,2.35
2024-05-06,167.30015563964844,188.6999969482422,4.488999843597412,13.489999771118164,5180.740234375,16349.25,0.0051424222886335,0.0133719464292869,5.402070144979165,4.702131898388985,2.34
2024-05-07,170.43515014648438,188.75999450683597,4.4629998207092285,13.229999542236328,5187.7001953125,16332.5595703125,0.0187387423212472,0.0003179520909595,5.8767118977394,4.893056761213336,2.32
2024-05-08,168.57406616210938,188.0,4.492000102996826,13.0,5187.669921875,16302.759765625,-0.0109196018707141,-0.0040262477694044,6.066559680601723,5.00778071491454,2.31
2024-05-09,169.1512908935547,189.5,4.448999881744385,12.6899995803833,5214.080078125,16346.259765625,0.0034241609316716,0.0079787234042554,6.330333498987134,5.043132729097947,2.34
2024-05-10,167.8475341796875,187.47999572753903,4.504000186920166,12.550000190734863,5222.68017578125,16340.8701171875,-0.0077076367965032,-0.0106596531528281,6.414398528526463,5.112900877582253,2.34
2024-05-13,168.33518981933594,186.57000732421875,4.480999946594238,13.600000381469728,5221.419921875,16388.240234375,0.0029053488454968,-0.0048537893325044,6.311559435297959,5.208237724283933,2.33
2024-05-14,169.5294952392578,187.07000732421875,4.445000171661377,13.420000076293944,5246.68017578125,16511.1796875,0.0070948054367221,0.0026799591594115,6.142818335841311,5.324464359479959,2.32
2024-05-15,171.6891632080078,185.9900054931641,4.355999946594238,12.449999809265137,5308.14990234375,16742.390625,0.0127391871585651,-0.0057732495256863,6.074616572413669,5.386018815755674,2.29
2024-05-16,173.35121154785156,183.6300048828125,4.376999855041504,12.420000076293944,5297.10009765625,16698.3203125,0.0096805663723231,-0.0126888571463497,6.036407933830208,5.338046286704325,2.3
2024-05-17,175.22227478027344,184.6999969482422,4.420000076293945,11.989999771118164,5303.27001953125,16685.970703125,0.0107934822936348,0.0058268912322501,5.790872546882401,5.007062660658314,2.32
2024-05-20,176.07818603515625,183.5399932861328,4.436999797821045,12.149999618530272,5308.1298828125,16794.869140625,0.0048847171739787,-0.006280474722663,5.6387406434996015,4.809505677794671,2.33
2024-05-21,177.00375366210938,183.1499938964844,4.414000034332275,11.859999656677246,5321.41015625,16832.619140625,0.0052565717979871,-0.0021248741632045,5.573385721949814,4.721482530074141,2.33
2024-05-22,175.54074096679688,183.1300048828125,4.434000015258789,12.289999961853027,5307.009765625,16801.5390625,-0.008265433161973,-0.0001091401274256,5.312380349031645,4.424425420317559,2.33
2024-05-23,172.72421264648438,181.0500030517578,4.474999904632568,12.770000457763672,5267.83984375,16736.029296875,-0.0160448697254003,-0.011358061353112,4.2761977740148,3.781174836900615,2.31
2024-05-24,174.15736389160156,180.75,4.4670000076293945,11.93000030517578,5304.72021484375,16920.7890625,0.0082973384168809,-0.0016570176564539,4.37694771399118,3.7148099517508815,2.33
2024-05-28,175.56065368652344,182.1499938964844,4.541999816894531,12.920000076293944,5306.0400390625,17019.880859375,0.0080575966675477,0.0077454710732192,4.404118395942958,3.66609877541208,2.33
2024-05-29,175.0630340576172,182.0200042724609,4.624000072479248,14.279999732971191,5266.9501953125,16920.580078125,-0.0028344598772956,-0.0007136405620595,4.031807338340151,2.986226947871456,2.36
2024-05-30,171.29107666015625,179.32000732421875,4.553999900817871,14.470000267028809,5235.47998046875,16737.080078125,-0.0215462814166668,-0.0148335176621611,3.5574435879229744,2.954165973422233,2.35
2024-05-31,171.67919921875,176.44000244140625,4.513999938964844,12.920000076293944,5277.509765625,16735.01953125,0.0022658656023499,-0.0160607002296476,3.292197191456583,3.499130797030201,2.34
2024-06-03,172.3460235595703,178.33999633789062,4.401999950408936,13.109999656677246,5283.39990234375,16828.669921875,0.0038841300743175,0.0107684984708347,3.036859537676434,3.7212831143882585,2.31
2024-06-04,172.9630584716797,179.33999633789062,4.335999965667725,13.15999984741211,5291.33984375,16857.05078125,0.0035802097394843,0.0056072671331974,2.8175440331578816,3.689441853330522,2.28
2024-06-05,174.57537841796875,181.27999877929688,4.289000034332275,12.630000114440918,5354.02978515625,17187.900390625,0.009321758996029,0.0108174555649658,2.815580837334273,3.507785585286439,2.27
2024-06-06,175.88906860351562,185.0,4.281000137329102,12.579999923706056,5352.9599609375,17173.119140625,0.0075250599337188,0.0205207482665097,2.7343548535904785,3.351132080487922,2.25
2024-06-07,173.62989807128906,184.3000030517578,4.429999828338623,12.220000267028809,5346.990234375,17133.130859375,-0.0128442918605653,-0.0037837672877956,2.581711822512866,3.0060785255041287,2.28
2024-06-10,174.37716674804688,187.05999755859372,4.468999862670898,12.739999771118164,5360.7900390625,17192.529296875,0.0043038018512859,0.0149755532345858,2.2587066742409783,2.9726698435208267,2.27
2024-06-11,175.98133850097656,187.22999572753903,4.40399980545044,12.850000381469728,5375.31982421875,17343.55078125,0.0091994369609613,0.0009087895389929,1.9564016556685653,3.020682209238494,2.25
2024-06-12,177.14710998535156,186.88999938964844,4.295000076293945,12.039999961853027,5421.02978515625,17608.439453125,0.0066244040095679,-0.0018159287809064,1.788365241951342,3.0074489205517043,2.17
2024-06-13,174.52662658691406,183.8300018310547,4.23799991607666,11.9399995803833,5433.740234375,17667.560546875,-0.0147926963000084,-0.0163732546877157,1.6783842280464278,2.923162295756681,2.14
2024-06-14,176.1507110595703,183.66000366210935,4.2129998207092285,12.65999984741211,5431.60009765625,17688.880859375,0.009305654411692,-0.0009247574783878,1.6980741561877075,2.923695221414848,2.11
2024-06-17,176.59910583496094,184.05999755859372,4.27899980545044,12.75,5473.22998046875,17857.01953125,0.0025455178278501,0.0021779042170786,1.7518846642980863,2.903614139885531,2.16
2024-06-18,174.45687866210938,182.80999755859372,4.2170000076293945,12.300000190734863,5487.02978515625,17862.23046875,-0.0121304531114305,-0.0067912638084333,1.7202362728488554,2.896111845227077,2.17
2024-06-20,175.66250610351562,186.1000061035156,4.254000186920166,13.279999732971191,5473.169921875,17721.58984375,0.0069107475191123,0.0179968742894784,1.6454195360513018,2.9993883970497377,2.21
2024-06-21,178.98048400878906,189.0800018310547,4.256999969482422,13.199999809265137,5464.6201171875,17689.359375,0.0188883671243891,0.0160128728092652,1.9157276916429664,3.318429200159736,2.19
2024-06-24,178.5719451904297,185.57000732421875,4.248000144958496,13.329999923706056,5447.8701171875,17496.8203125,-0.0022825886331792,-0.0185635417434159,2.042296006929274,3.329987190209289,2.18
2024-06-25,183.3645477294922,186.33999633789065,4.23799991607666,12.84000015258789,5469.2998046875,17717.650390625,0.0268384965731971,0.0041493182264447,2.7589647375420103,3.342663430719942,2.17
2024-06-26,183.2151031494141,193.6100006103516,4.315999984741211,12.550000190734863,5477.89990234375,17805.16015625,-0.0008150134904953,0.0390147279990187,3.261593744342662,4.007741565323238,2.2
2024-06-27,184.73956298828125,197.8500061035156,4.288000106811523,12.239999771118164,5482.8701171875,17858.6796875,0.008320601373261,0.0218997235669518,3.81380966650306,5.010207643989869,2.22
2024-06-28,181.4913482666016,193.25,4.3429999351501465,12.4399995803833,5460.47998046875,17732.599609375,-0.0175826697277926,-0.0232499669527879,3.789643204311387,5.1589071006914615,2.24
2024-07-01,182.3283233642578,197.1999969482422,4.479000091552734,12.220000267028809,5475.08984375,17879.30078125,0.0046116528729887,0.0204398289689116,3.7778195694980816,5.304886399944737,2.29
2024-07-02,184.57017517089844,200.0,4.435999870300293,12.029999732971191,5509.009765625,18028.759765625,0.0122956859651575,0.0141987986566385,3.912132354268585,5.716257145318994,2.26
2024-07-03,185.1480865478516,197.58999633789065,4.355000019073486,12.09000015258789,5537.02001953125,18188.30078125,0.00313112005457,-0.0120500183105468,4.039550842170954,5.7640722463285625,2.23
2024-07-05,189.9108123779297,200.0,4.271999835968018,12.479999542236328,5567.18994140625,18352.759765625,0.0257238728138149,0.0121969922909868,4.650588354111805,6.020983376342831,2.22
2024-07-08,188.34646606445312,199.2899932861328,4.269000053405762,12.369999885559082,5572.85009765625,18403.740234375,-0.0082372682939371,-0.0035500335693359,4.986578743520457,6.291735884241417,2.22
2024-07-09,188.29666137695312,199.33999633789065,4.300000190734863,12.510000228881836,5576.97998046875,18429.2890625,-0.0002644312290041,0.000250905983453,5.084186340819121,6.435777819869942,2.21
2024-07-10,190.4886932373047,199.7899932861328,4.28000020980835,12.850000381469728,5633.91015625,18647.44921875,0.0116413740122736,0.0022574343157879,5.3024764095189845,6.647657827647549,2.22
2024-07-11,184.89898681640625,195.0500030517578,4.192999839782715,12.920000076293944,5584.5400390625,18283.41015625,-0.0293440325822118,-0.0237248630745311,5.1877948780337535,6.602306302824002,2.18
2024-07-12,184.4008026123047,194.4900054931641,4.189000129699707,12.460000038146973,5615.35009765625,18398.44921875,-0.0026943587559851,-0.0028710461411536,5.087320502013651,6.506769508690704,2.15
2024-07-15,185.8555145263672,192.72000122070312,4.229000091552734,13.119999885559082,5631.22021484375,18472.5703125,0.0078888589065471,-0.0091007466834749,4.797847436335956,6.182827976076682,2.2
2024-07-16,183.2549591064453,193.0200042724609,4.166999816894531,13.1899995803833,5667.2001953125,18509.33984375,-0.0139923500604709,0.0015566783408964,4.529370775147819,5.789116190790704,2.2
2024-07-17,180.36544799804688,187.92999267578125,4.145999908447266,14.479999542236328,5588.27001953125,17996.919921875,-0.0157677103118395,-0.0263703838152173,4.312305506038505,5.520416787863684,2.19
2024-07-18,177.0474853515625,183.75,4.189000129699707,15.93000030517578,5544.58984375,17871.220703125,-0.0183957774801762,-0.0222422861634045,4.060548864710976,5.427369122082394,2.19
2024-07-19,177.01759338378906,183.1300048828125,4.238999843597412,16.520000457763672,5505.0,17726.939453125,-0.0001688358787704,-0.0033741230867346,3.931314640132031,5.678172938460782,2.18
2024-07-22,181.01307678222656,182.5500030517578,4.260000228881836,14.90999984741211,5564.41015625,18007.5703125,0.0225711090183842,-0.0031671589340361,3.830181928121705,6.113713298954799,2.18
2024-07-23,181.1326446533203,186.41000366210935,4.238999843597412,14.720000267028809,5555.740234375,17997.349609375,0.0006605482499897,0.0211448948004517,3.6893781559216263,6.0617559442067295,2.17
2024-07-24,172.0057830810547,180.8300018310547,4.285999774932861,18.040000915527344,5427.1298828125,17342.41015625,-0.0503877232606746,-0.0299340256500886,4.542711266500599,6.497820804463633,2.13
2024-07-25,166.67510986328125,179.85000610351562,4.25600004196167,18.459999084472656,5399.22021484375,17181.720703125,-0.0309912441447474,-0.0054194310546689,5.86698170759872,7.116578127423524,2.13
2024-07-26,166.3961181640625,182.5,4.199999809265137,16.389999389648438,5459.10009765625,17357.880859375,-0.0016738653986645,0.0147344665362931,6.842768253243482,7.300741528426525,2.13
2024-07-29,168.9169921875,183.1999969482422,4.177999973297119,16.600000381469727,5463.5400390625,17370.19921875,0.0151498367344842,0.0038355997163954,7.401572590099921,7.512013483953706,2.13
2024-07-30,169.6742401123047,181.7100067138672,4.14300012588501,17.690000534057617,5436.43994140625,17147.419921875,0.004482958848593,-0.0081331346025947,7.803311665048991,7.629364906612502,2.12
2024-07-31,170.91970825195312,186.97999572753903,4.109000205993652,16.360000610351562,5522.2998046875,17599.400390625,0.0073403490053887,0.0290021948101644,8.001916990699044,7.293409722394614,2.13
2024-08-01,170.1425323486328,184.07000732421875,3.9760000705718994,18.59000015258789,5446.68017578125,17194.150390625,-0.0045470233437017,-0.0155631001701415,8.155187485366218,7.129463415329373,2.06
2024-08-02,166.057373046875,167.89999389648438,3.7920000553131104,23.38999938964844,5346.56005859375,16776.16015625,-0.0240102180528679,-0.0878470841762542,8.194740328013932,8.037948186953516,1.89
2024-08-05,158.67416381835938,161.02000427246094,3.785000085830689,38.56999969482422,5186.330078125,16200.080078125,-0.044461797106904,-0.0409767115790675,8.817712286505929,9.446553402555868,1.91
2024-08-06,157.71762084960938,161.92999267578125,3.888000011444092,27.709999084472656,5240.02978515625,16366.849609375,-0.0060283473108135,0.0056513996967764,9.243664929043796,10.196666887676438,1.96
2024-08-07,158.36526489257812,162.77000427246094,3.9679999351501465,27.850000381469727,5199.5,16195.8095703125,0.0041063518424888,0.0051874985158653,9.13375864969575,10.43017354543864,1.97
2024-08-08,161.44410705566406,165.8000030517578,3.996999979019165,23.790000915527344,5319.31005859375,16660.01953125,0.0194413981195584,0.0186152159474355,9.03437305596042,10.494072041336269,1.98
2024-08-09,163.0781707763672,166.94000244140625,3.941999912261963,20.3700008392334,5344.16015625,16745.30078125,0.0101215445425935,0.0068757501125773,8.728751171932654,10.31629123976252,1.96
2024-08-12,161.70315551757812,166.8000030517578,3.908999919891357,20.709999084472656,5344.39013671875,16780.609375,-0.0084316328313165,-0.0008386209871871,8.18841835684647,10.094726597513809,1.98
2024-08-13,163.56640625,170.22999572753906,3.8519999980926514,18.1200008392334,5434.43017578125,17187.609375,0.0115226615489227,0.0205635048742591,7.621761097742433,9.514824920116856,1.96
2024-08-14,159.79010009765625,170.10000610351562,3.819999933242798,16.190000534057617,5455.2099609375,17192.599609375,-0.0230872967067083,-0.0007636117446156,7.332608884268218,9.199338299468415,1.93
2024-08-15,160.7167510986328,177.58999633789062,3.9260001182556152,15.229999542236328,5543.22021484375,17594.5,0.0057991765472968,0.044032862819634,7.127721005552954,9.006998796959849,1.99
2024-08-16,162.37074279785156,177.05999755859375,3.891999959945679,14.800000190734863,5554.25,17631.720703125,0.0102913460352598,-0.0029843954627291,6.760262219737287,8.823118761990214,1.97
2024-08-19,166.06732177734375,178.22000122070312,3.867000102996826,14.649999618530272,5608.25,17876.76953125,0.0227662872990261,0.0065514722585799,5.768805302504876,8.675135106970176,1.94
2024-08-20,166.5754852294922,178.8800048828125,3.818000078201294,15.880000114440918,5597.1201171875,17816.939453125,0.0030599846297862,0.0037033085938096,4.423675870354494,8.290263372221064,1.95
2024-08-21,165.2502899169922,180.11000061035156,3.7780001163482666,16.270000457763672,5620.85009765625,17918.990234375,-0.0079555242518085,0.0068760939957759,4.067409766959232,8.261558070135738,1.94
2024-08-22,163.20770263671875,176.1300048828125,3.861999988555908,17.549999237060547,5570.64013671875,17619.349609375,-0.0123605669999093,-0.0220975832216521,4.030314139595077,8.168609524138764,1.96
2024-08-23,165.02110290527344,177.0399932861328,3.806999921798706,15.859999656677246,5634.60986328125,17877.7890625,0.0111109968418041,0.0051665722937199,3.9994680873828017,7.9580005249174866,2.01
2024-08-26,165.55917358398438,175.5,3.818000078201294,16.149999618530273,5616.83984375,17725.76953125,0.0032606173952176,-0.0086985615936161,3.8481771546636896,7.655960331606031,2.02
2024-08-27,164.0845184326172,173.1199951171875,3.8329999446868896,15.43000030517578,5625.7998046875,17754.8203125,-0.0089071183398915,-0.013561281383547,3.593252286315987,7.398241790472704,2.02
2024-08-28,162.2611541748047,170.8000030517578,3.8410000801086426,17.110000610351562,5592.18017578125,17556.029296875,-0.011112347924288,-0.0134010636024987,3.1482810510556867,6.622637308077098,1.99
2024-08-29,161.19500732421875,172.1199951171875,3.867000102996826,15.649999618530272,5591.9599609375,17516.4296875,-0.0065705612412775,0.0077282906431195,2.6954178136275484,5.99525391205387,2.01
2024-08-30,162.7892303466797,178.5,3.91100001335144,15.0,5648.39990234375,17713.619140625,0.0098900272962823,0.0370671918650049,2.5733370986673663,6.127061079927754,2.01
2024-09-03,156.79100036621094,176.25,3.8440001010894775,20.71999931335449,5528.93017578125,17136.30078125,-0.0368466019999896,-0.0126050420168066,2.748124892334616,5.610966902794826,1.95
2024-09-04,155.88429260253906,173.3300018310547,3.767999887466431,21.31999969482422,5520.06982421875,17084.30078125,-0.0057829069369677,-0.0165673654975621,2.9359085519005066,4.994350888610731,1.9
2024-09-05,156.6714324951172,177.88999938964844,3.7309999465942383,19.899999618530277,5503.41015625,17127.66015625,0.0050495138377097,0.0263081838713554,3.076049569891776,4.417270856896357,1.87
2024-09-06,150.374267578125,171.38999938964844,3.7100000381469727,22.3799991607666,5408.419921875,16690.830078125,-0.0401934469909722,-0.0365394346073523,4.058513427261879,4.022279490916852,1.86
2024-09-09,148.368896484375,175.39999389648438,3.697000026702881,19.450000762939453,5471.0498046875,16884.599609375,-0.0133358660763427,0.0233968990087884,5.0075006632249695,3.6213240178707222,1.88
2024-09-10,148.31900024414062,179.5500030517578,3.6459999084472656,19.07999992370605,5495.52001953125,17025.880859375,-0.000336298519546,0.0236602582650182,5.737402125162323,3.2364188210553326,1.86
2024-09-11,150.8132781982422,184.5200042724609,3.6530001163482666,17.690000534057617,5554.1298828125,17395.529296875,0.0168169819780059,0.0276803182190448,6.048859543317516,3.5800615007864702,1.9
2024-09-12,154.33517456054688,187.0,3.680000066757202,17.06999969482422,5595.759765625,17569.6796875,0.0233526941684485,0.0134402540110345,6.162023694922684,4.036116887824611,1.93
2024-09-13,157.09881591796875,186.4900054931641,3.650000095367432,16.559999465942383,5626.02001953125,17683.98046875,0.0179067498079492,-0.0027272433520638,6.172353520588416,4.559028962923697,1.95
2024-09-16,157.6974334716797,184.88999938964844,3.621000051498413,17.139999389648438,5633.08984375,17592.130859375,0.0038104523590012,-0.0085795809769241,6.132413846287362,4.849369447595922,1.94
2024-09-17,158.95455932617188,186.8800048828125,3.641999959945679,17.610000610351562,5634.580078125,17628.060546875,0.0079717584923026,0.0107631862173909,5.897750301165142,5.253334863529144,1.97
2024-09-18,159.44342041015625,186.42999267578125,3.684999942779541,18.229999542236328,5618.259765625,17573.30078125,0.0030754769542737,-0.0024080275860086,5.59563636271953,5.560300159125095,1.98
2024-09-19,161.76808166503906,189.8699951171875,3.740000009536743,16.329999923706055,5713.64013671875,18013.98046875,0.0145798506385701,0.0184519797058015,5.4162125516827855,6.09608932928386,2.04
2024-09-20,163.21475219726562,191.6000061035156,3.7279999256134033,16.149999618530273,5702.5498046875,17948.3203125,0.0089428675752123,0.0091115554369733,5.41656733159867,6.64848754400847,2.02
2024-09-23,161.47874450683594,193.8800048828125,3.739000082015991,15.890000343322754,5718.56982421875,17974.26953125,-0.0106363405700699,0.0118997844815571,5.230736746803455,7.298042553444971,2.04
2024-09-24,161.917724609375,193.9600067138672,3.736000061035156,15.390000343322754,5732.93017578125,18074.51953125,0.0027185008397219,0.0004126358007008,5.007051753272395,7.749748366295419,2.06
2024-09-25,161.11956787109375,192.52999877929688,3.7809998989105225,15.40999984741211,5722.259765625,18082.2109375,-0.0049293969527227,-0.007372694808574,4.8486174130702215,7.834474028115932,2.06
2024-09-26,162.35671997070312,191.16000366210935,3.7909998893737793,15.369999885559082,5745.3701171875,18190.2890625,0.0076784720562257,-0.007115748848874,4.853575297623348,7.528548568656225,2.03
2024-09-27,163.5739288330078,187.97000122070312,3.749000072479248,16.959999084472656,5738.169921875,18119.58984375,0.0074971264664889,-0.0166876039981921,4.975744058279538,7.067522707235191,2.03
2024-09-30,165.46957397460938,186.3300018310547,3.802000045776367,16.729999542236328,5762.47998046875,18189.169921875,0.0115889197937943,-0.0087247932063523,5.154381585463611,6.934772949043656,2.07
2024-10-01,166.60696411132812,185.1300048828125,3.743000030517578,19.26000022888184,5708.75,17910.359375,0.0068737116401429,-0.0064401703238871,5.510063167654058,6.631749548590815,2.07
2024-10-02,165.47955322265625,184.75999450683597,3.785000085830689,18.899999618530277,5709.5400390625,17925.119140625,-0.0067668893355413,-0.0019986515757441,5.705370509651743,6.008204133657145,2.1
2024-10-03,165.47955322265625,181.9600067138672,3.849999904632568,20.489999771118164,5699.93994140625,17918.48046875,0.0,-0.0151547297911678,5.873699548848913,5.788180300957839,2.11
2024-10-04,166.67678833007812,186.50999450683597,3.9809999465942383,19.209999084472656,5751.06982421875,18137.849609375,0.007234942831946,0.0250054277043616,5.714426337990117,4.641712569496684,2.14
2024-10-07,162.6061553955078,180.8000030517578,4.026000022888184,22.63999938964844,5695.93994140625,17923.900390625,-0.0244223144407428,-0.0306149355168676,5.034447452717735,4.06204137367784,2.17
2024-10-08,164.00294494628906,182.72000122070312,4.0329999923706055,21.420000076293945,5751.1298828125,18182.919921875,0.0085900164565346,0.0106194587197858,4.143770427691179,3.805212237360576,2.17
2024-10-09,161.4887237548828,185.1699981689453,4.066999912261963,20.86000061035156,5792.0400390625,18291.619140625,-0.0153303417339832,0.0134084770789975,3.2946656660664897,3.783205393170944,2.21
2024-10-10,161.70822143554688,186.6499938964844,4.0960001945495605,20.93000030517578,5780.0498046875,18282.05078125,0.0013592136686721,0.0079926324035968,2.7557785186689547,3.7854847528697504,2.26
2024-10-11,162.8655548095703,188.82000732421875,4.072999954223633,20.459999084472656,5815.02978515625,18342.939453125,0.0071569235240442,0.0116261103600028,2.456585088836797,3.795586863579239,2.25
2024-10-15,165.08047485351562,187.69000244140625,4.038000106811523,20.63999938964844,5815.259765625,18315.58984375,0.003031052878536,0.0007998782160802,2.006172695490816,3.746231867572395,2.22
2024-10-16,164.78114318847656,186.88999938964844,4.015999794006348,19.57999992370605,5842.47021484375,18367.080078125,-0.0018132469348944,-0.0042623636920009,1.8046036289851275,3.740245799476713,2.19
2024-10-17,162.55625915527344,187.52999877929688,4.0960001945495605,19.11000061035156,5841.47021484375,18373.609375,-0.013502054847734,0.0034244710350397,1.770481056422777,3.701802843346455,2.22
2024-10-18,163.04515075683594,188.9900054931641,4.072999954223633,18.030000686645508,5864.669921875,18489.55078125,0.0030075224670094,0.0077854568515487,1.7730910659439096,3.5933316035019383,2.23
2024-10-21,163.69366455078125,189.07000732421875,4.182000160217285,18.3700008392334,5853.97998046875,18540.009765625,0.0039775104683272,0.0004233124965837,1.6983436924897184,3.2806006015109217,2.23
2024-10-22,164.76119995117188,189.6999969482422,4.203999996185303,18.200000762939453,5851.2001953125,18579.76953125,0.0065215437831405,0.0033320442144115,1.6549512096133872,2.932163416665708,2.25
2024-10-23,162.4066162109375,184.7100067138672,4.242000102996826,19.239999771118164,5797.419921875,18276.650390625,-0.0142908873019386,-0.0263046405622054,1.5637926142461225,2.6490622456558803,2.23
2024-10-24,162.34674072265625,186.3800048828125,4.199999809265137,19.07999992370605,5809.85986328125,18415.490234375,-0.0003686764103469,0.0090411894767146,1.5643329484432758,2.412001138229325,2.33
2024-10-25,164.89089965820312,187.8300018310547,4.23199987411499,20.32999992370605,5808.1201171875,18518.609375,0.0156711426679834,0.0077797881224108,1.574884960677318,2.4069935628197867,2.32
2024-10-28,166.3375701904297,188.38999938964844,4.277999877929688,19.799999237060547,5823.52001953125,18567.189453125,0.0087735013589307,0.0029814063415569,1.6278188996828569,2.4538120191527786,2.31
2024-10-29,169.29078674316406,190.8300018310547,4.27400016784668,19.34000015258789,5832.919921875,18712.75,0.0177543566937607,0.012951868195294,1.9304690317377515,2.628021002338007,2.33
2024-10-30,174.059814453125,192.72999572753903,4.265999794006348,20.350000381469727,5813.669921875,18607.9296875,0.0281706276030022,0.009956473710913,2.925719228522794,2.9153800925430806,2.37
2024-10-31,170.71751403808594,186.3999938964844,4.283999919891357,23.15999984741211,5705.4501953125,18095.150390625,-0.0192020221642782,-0.0328438850795356,3.224656131371468,2.6661438154873083,2.38
2024-11-01,170.89707946777344,197.92999267578125,4.361000061035156,21.8799991607666,5728.7998046875,18239.919921875,0.0010518278144997,0.0618562186525604,3.475707365590076,3.566306099137271,2.37
2024-11-04,168.851806640625,195.77999877929688,4.309000015258789,21.979999542236328,5712.68994140625,18179.98046875,-0.011967862958911,-0.0108623956754556,3.519590991671377,3.5832886117973315,2.32
2024-11-05,169.35064697265625,199.5,4.289000034332275,20.489999771118164,5782.759765625,18439.169921875,0.0029543085262508,0.0190009257528736,3.608428042279437,4.068724645690813,2.32
2024-11-06,176.10511779785156,207.08999633789065,4.426000118255615,16.270000457763672,5929.0400390625,18983.470703125,0.0398845292057603,0.0380450944255168,4.152777688431614,5.545946202488072,2.46
2024-11-07,180.33538818359372,210.0500030517578,4.341000080108643,15.199999809265137,5973.10009765625,19269.4609375,0.0240212802367165,0.0142933351016993,5.036125440484809,6.971150792143919,2.4
2024-11-08,177.94090270996094,208.17999267578125,4.306000232696533,14.9399995803833,5995.5400390625,19286.779296875,-0.0132779566880963,-0.008902691496347,5.441797607018879,7.841145395230888,2.43
2024-11-12,181.20339965820312,208.91000366210935,4.432000160217285,14.710000038146973,5983.990234375,19281.400390625,0.0070418796798523,0.0100077710349464,6.502279555687938,8.886042304945368,2.43
2024-11-13,178.4696807861328,214.1000061035156,4.451000213623047,14.020000457763672,5985.3798828125,19230.720703125,-0.0150864656911891,0.0248432451793958,6.678047129625647,9.677300610139886,2.42
2024-11-14,175.17726135253906,211.47999572753903,4.418000221252441,14.3100004196167,5949.169921875,19107.650390625,-0.018448060304087,-0.0122373204170288,6.49565629347126,10.042831218221076,2.4
2024-11-15,172.09434509277344,202.6100006103516,4.427999973297119,16.139999389648438,5870.6201171875,18680.119140625,-0.0175988380909857,-0.0419424782314408,6.222481032191291,9.914602265010908,2.39
2024-11-18,174.8979034423828,201.6999969482422,4.414000034332275,15.579999923706056,5893.6201171875,18791.810546875,0.0162908220377493,-0.004491405455644,5.987996703514148,9.72121574354398,2.41
2024-11-19,177.71141052246094,204.6100006103516,4.379000186920166,16.350000381469727,5916.97998046875,18987.470703125,0.0160865683618958,0.0144273857518009,5.862497431684934,9.576878959927068,2.41
2024-11-20,175.5763397216797,202.8800048828125,4.406000137329102,17.15999984741211,5917.10986328125,18966.140625,-0.0120142583670022,-0.0084550888147132,5.370216137607223,8.961807451145406,2.43
2024-11-21,167.2454833984375,198.3800048828125,4.432000160217285,16.8700008392334,5948.7099609375,18972.419921875,-0.0474486273973366,-0.0221805988352538,4.938224050145733,8.36918532496917,2.42
2024-11-22,164.38206481933594,197.1199951171875,4.409999847412109,15.239999771118164,5969.33984375,19003.650390625,-0.0171210517672389,-0.0063514957889496,4.98628493690531,7.852669726818174,2.43
2024-11-25,167.26544189453125,201.4499969482422,4.264999866485596,14.600000381469728,5987.3701171875,19054.83984375,0.0175407035941803,0.0219663247682231,4.919724454648372,7.244199815704995,2.35
2024-11-26,168.73207092285156,207.8600006103516,4.302000045776367,14.100000381469728,6021.6298828125,19174.30078125,0.0087682728225779,0.0318193286632626,4.946846108886567,6.861775214871273,2.33
2024-11-27,168.84181213378906,205.7400054931641,4.242000102996826,14.100000381469728,5998.740234375,19060.48046875,0.0006503873883445,-0.0101991489991457,5.054826184245604,6.464035254226303,2.32
2024-11-29,168.5624542236328,207.88999938964844,4.177999973297119,13.510000228881836,6032.3798828125,19218.169921875,-0.0016545540860156,0.0104500526833892,5.1348100941482695,5.133221492492822,2.33
2024-12-02,171.0966339111328,210.7100067138672,4.196000099182129,13.34000015258789,6047.14990234375,19403.94921875,0.0150340697112649,0.0135649013059699,5.130334845652872,5.066682999308697,2.33
2024-12-03,170.9469757080078,213.44000244140625,4.2230000495910645,13.300000190734863,6049.8798828125,19480.91015625,-0.0008746998681617,0.0129561750299131,5.057995524112655,4.884452230508924,2.36
2024-12-04,173.9700164794922,218.16000366210935,4.179999828338623,13.449999809265137,6086.490234375,19735.119140625,0.0176840845470585,0.0221139484947245,4.97322807664144,5.333596813135951,2.37
2024-12-05,172.24400329589844,220.5500030517578,4.179999828338623,13.539999961853027,6075.10986328125,19700.259765625,-0.0099213256314039,0.0109552592112627,4.942628838352118,6.139220432116289,2.35
2024-12-06,174.30926513671875,227.02999877929688,4.151000022888184,12.770000457763672,6090.27001953125,19859.76953125,0.011990326521106,0.0293810729443444,4.6693165421351965,7.511731651878971,2.31
2024-12-09,175.1682586669922,226.08999633789065,4.198999881744385,14.1899995803833,6052.85009765625,19736.689453125,0.004927985495204,-0.0041404327465994,4.555619295084636,8.479101319697,2.33
2024-12-10,184.9569854736328,225.0399932861328,4.2210001945495605,14.18000030517578,6034.91015625,19687.240234375,0.055881852574956,-0.0046441818247835,5.073176848738733,9.14307551600493,2.34
2024-12-11,195.1752166748047,230.25999450683597,4.270999908447266,13.579999923706056,6084.18994140625,20034.890625,0.0552465275912954,0.023195882405071,6.881342955156265,10.16322749857933,2.38
2024-12-12,191.7391815185547,228.97000122070312,4.323999881744385,13.920000076293944,6051.25,19902.83984375,-0.0176048743011005,-0.0056023335225716,7.913400232043786,10.892368243894808,2.39
2024-12-13,189.6016387939453,227.4600067138672,4.39900016784668,13.8100004196167,6051.08984375,19926.720703125,-0.0111481790402997,-0.0065947263780657,8.605015408340325,11.418026686202566,2.4
2024-12-16,196.43377685546875,232.92999267578125,4.396999835968018,14.6899995803833,6074.080078125,20173.890625,0.036034171988083,0.0240481218695953,9.779752804824072,11.979276669334912,2.38
2024-12-17,195.1951904296875,231.1499938964844,4.385000228881836,15.869999885559082,6050.60986328125,20109.060546875,-0.0063053638005065,-0.007641775792156,10.627403225686336,12.143159782133353,2.36
2024-12-18,188.18325805664065,220.5200042724609,4.49399995803833,27.6200008392334,5872.16015625,19392.689453125,-0.0359226698035507,-0.0459874103599754,10.89515175415272,11.883955749769864,2.38
2024-12-19,188.2931365966797,223.2899932861328,4.570000171661377,24.09000015258789,5867.080078125,19372.76953125,0.0005838911557476,0.0125611688735931,11.116243473953082,11.50675363641396,2.35
2024-12-20,191.18980407714844,224.9199981689453,4.52400016784668,18.36000061035156,5930.85009765625,19572.599609375,0.015383818724489,0.0072999459529015,11.116458017760234,10.660412907054216,2.34
2024-12-23,194.40611267089844,225.05999755859372,4.598999977111816,16.780000686645508,5974.06982421875,19764.880859375,0.0168225947470095,0.0006224408269079,10.948752681603292,9.39367074409635,2.38
2024-12-24,195.8843994140625,229.0500030517578,4.591000080108643,14.270000457763672,6040.0400390625,20031.130859375,0.0076041165725411,0.0177286303050157,10.885822385255024,8.437936581186301,2.39
2024-12-26,195.375,227.0500030517578,4.578999996185303,14.729999542236328,6037.58984375,20020.359375,-0.0026005103805419,-0.0087317178491722,10.709325617564692,7.838409377882164,2.39
2024-12-27,192.5382537841797,223.75,4.61899995803833,15.949999809265137,5970.83984375,19722.029296875,-0.0145194943867962,-0.0145342568042403,10.23520952019139,6.736609940303063,2.38
2024-12-30,191.0200042724609,221.3000030517578,4.545000076293945,17.399999618530273,5906.93994140625,19486.7890625,-0.0078854434476204,-0.0109497070312499,9.512947084422786,5.666061025265696,2.35
